MATCH_ID,Bowler,Overs,Maidens,Runs,Wickets,Economy,0s,4s,6s,Wide,NB,NA
"1st Match (N), Chennai, March 22",Deepak Chahar,4,0,37,1,9.25,10,7,0,2,0,
"1st Match (N), Chennai, March 22",Tushar Deshpande,4,0,47,0,11.75,10,4,3,5,0,
"1st Match (N), Chennai, March 22",Maheesh Theekshana,4,0,36,0,9.00,4,1,2,0,0,
"1st Match (N), Chennai, March 22",Mustafizur Rahman,4,0,29,4,7.25,12,3,1,2,0,
"1st Match (N), Chennai, March 22",Ravindra Jadeja,4,0,21,0,5.25,8,1,0,0,0,
"1st Match (N), Chennai, March 22",Mohammed Siraj,4,0,38,0,9.50,9,5,1,1,0,
"1st Match (N), Chennai, March 22",Yash Dayal,3,0,28,1,9.33,8,3,1,0,0,
"1st Match (N), Chennai, March 22",Alzarri Joseph,3.4,0,38,0,10.36,5,1,2,4,0,
"1st Match (N), Chennai, March 22",Karn Sharma,2,0,24,1,12.00,4,0,3,0,0,
"1st Match (N), Chennai, March 22",Mayank Dagar,2,0,6,0,3.00,6,0,0,0,0,
"1st Match (N), Chennai, March 22",Cameron Green,3,0,27,2,9.00,5,1,1,3,0,
"1st Match (N), Chennai, March 22",Glenn Maxwell,1,0,7,0,7.00,4,0,1,0,0,
"2nd Match (D/N), Mullanpur, March 23",Sam Curran,1,0,10,0,10.00,3,2,0,1,0,
"2nd Match (D/N), Mullanpur, March 23",Arshdeep Singh,4,0,28,2,7.00,15,2,2,2,0,
"2nd Match (D/N), Mullanpur, March 23",Kagiso Rabada,4,0,36,1,9.00,12,1,4,1,0,
"2nd Match (D/N), Mullanpur, March 23",Harpreet Brar,3,0,14,1,4.66,7,1,0,0,0,
"2nd Match (D/N), Mullanpur, March 23",Rahul Chahar,4,0,33,1,8.25,6,3,1,0,0,
"2nd Match (D/N), Mullanpur, March 23",Harshal Patel,4,0,47,2,11.75,7,6,2,0,0,
"2nd Match (D/N), Mullanpur, March 23",Khaleel Ahmed,4,0,43,2,10.75,7,8,0,0,0,
"2nd Match (D/N), Mullanpur, March 23",Ishant Sharma,2,0,16,1,8.00,8,3,0,3,0,
"2nd Match (D/N), Mullanpur, March 23",Mitchell Marsh,4,0,52,0,13.00,5,5,3,1,0,
"2nd Match (D/N), Mullanpur, March 23",Axar Patel,4,0,25,0,6.25,5,1,0,0,0,
"2nd Match (D/N), Mullanpur, March 23",Kuldeep Yadav,4,0,20,2,5.00,7,1,0,0,0,
"2nd Match (D/N), Mullanpur, March 23",Sumit Kumar,1.2,0,19,0,14.25,2,2,1,2,0,
"3rd Match (N), Eden Gardens, March 23",Bhuvneshwar Kumar,4,0,51,0,12.75,7,4,3,2,1,
"3rd Match (N), Eden Gardens, March 23",Marco Jansen,3,0,40,0,13.33,5,1,4,1,0,
"3rd Match (N), Eden Gardens, March 23",T Natarajan,4,0,32,3,8.00,9,3,1,3,0,
"3rd Match (N), Eden Gardens, March 23",Pat Cummins,4,0,32,1,8.00,8,3,1,0,0,
"3rd Match (N), Eden Gardens, March 23",Mayank Markande,4,0,39,2,9.75,10,1,4,0,0,
"3rd Match (N), Eden Gardens, March 23",Shahbaz Ahmed,1,0,14,0,14.00,2,1,1,0,1,
"3rd Match (N), Eden Gardens, March 23",Mitchell Starc,4,0,53,0,13.25,8,3,4,2,0,
"3rd Match (N), Eden Gardens, March 23",Harshit Rana,4,0,33,3,8.25,12,3,2,0,0,
"3rd Match (N), Eden Gardens, March 23",Varun Chakravarthy,4,0,55,1,13.75,8,1,7,0,0,
"3rd Match (N), Eden Gardens, March 23",Sunil Narine,4,0,19,1,4.75,8,0,0,0,0,
"3rd Match (N), Eden Gardens, March 23",Andre Russell,2,0,25,2,12.50,4,4,1,0,0,
"3rd Match (N), Eden Gardens, March 23",Suyash Sharma,2,0,18,0,9.00,3,1,1,0,0,
"4th Match (D/N), Jaipur, March 24",Mohsin Khan,4,0,45,1,11.25,8,4,3,1,0,
"4th Match (D/N), Jaipur, March 24",Naveen-ul-Haq,4,0,41,2,10.25,8,4,1,4,0,
"4th Match (D/N), Jaipur, March 24",Krunal Pandya,4,0,19,0,4.75,6,0,0,0,0,
"4th Match (D/N), Jaipur, March 24",Ravi Bishnoi,4,0,38,1,9.50,5,1,3,0,0,
"4th Match (D/N), Jaipur, March 24",Yash Thakur,3,0,43,0,14.33,3,1,4,1,1,
"4th Match (D/N), Jaipur, March 24",Ayush Badoni,1,0,6,0,6.00,1,0,0,0,0,
"4th Match (D/N), Jaipur, March 24",Trent Boult,4,0,35,2,8.75,12,4,2,0,0,
"4th Match (D/N), Jaipur, March 24",Nandre Burger,3,0,30,1,10.00,8,3,2,0,0,
"4th Match (D/N), Jaipur, March 24",Ravichandran Ashwin,4,0,35,1,8.75,4,1,1,1,0,
"4th Match (D/N), Jaipur, March 24",Avesh Khan,3,0,21,0,7.00,4,0,1,1,0,
"4th Match (D/N), Jaipur, March 24",Yuzvendra Chahal,3,0,25,1,8.33,6,0,2,1,0,
"4th Match (D/N), Jaipur, March 24",Sandeep Sharma,3,0,22,1,7.33,6,3,0,1,0,
"5th Match (N), Ahmedabad, March 24",Hardik Pandya,3,0,30,0,10.00,5,5,0,0,0,
"5th Match (N), Ahmedabad, March 24",Luke Wood,2,0,25,0,12.50,4,3,1,1,1,
"5th Match (N), Ahmedabad, March 24",Jasprit Bumrah,4,0,14,3,3.50,14,1,0,0,0,
"5th Match (N), Ahmedabad, March 24",Shams Mulani,3,0,24,0,8.00,6,1,1,1,0,
"5th Match (N), Ahmedabad, March 24",Piyush Chawla,3,0,31,1,10.33,4,0,2,1,0,
"5th Match (N), Ahmedabad, March 24",Naman Dhir,1,0,13,0,13.00,0,2,0,0,0,
"5th Match (N), Ahmedabad, March 24",Gerald Coetzee,4,0,27,2,6.75,7,2,0,0,0,
"5th Match (N), Ahmedabad, March 24",Azmatullah Omarzai,3,0,27,2,9.00,10,4,1,2,0,
"5th Match (N), Ahmedabad, March 24",Umesh Yadav,3,0,31,2,10.33,9,4,2,0,0,
"5th Match (N), Ahmedabad, March 24",Rashid Khan,4,0,23,0,5.75,11,1,1,0,0,
"5th Match (N), Ahmedabad, March 24",Sai Kishore,4,0,24,1,6.00,9,1,1,0,0,
"5th Match (N), Ahmedabad, March 24",Spencer Johnson,2,0,25,2,12.50,3,2,2,0,0,
"5th Match (N), Ahmedabad, March 24",Mohit Sharma,4,0,32,2,8.00,7,3,0,1,0,
"6th Match (N), Bengaluru, March 25",Mohammed Siraj,4,0,26,2,6.50,12,4,0,0,0,
"6th Match (N), Bengaluru, March 25",Yash Dayal,4,0,23,1,5.75,13,3,0,2,0,
"6th Match (N), Bengaluru, March 25",Alzarri Joseph,4,0,43,1,10.75,8,4,2,2,0,
"6th Match (N), Bengaluru, March 25",Cameron Green,2,0,19,0,9.50,3,1,1,1,0,
"6th Match (N), Bengaluru, March 25",Mayank Dagar,3,0,34,0,11.33,4,1,3,0,0,
"6th Match (N), Bengaluru, March 25",Glenn Maxwell,3,0,29,2,9.66,6,2,2,0,0,
"6th Match (N), Bengaluru, March 25",Sam Curran,3,0,30,1,10.00,7,6,0,0,0,
"6th Match (N), Bengaluru, March 25",Arshdeep Singh,3.2,0,40,0,12.00,9,5,2,3,0,
"6th Match (N), Bengaluru, March 25",Kagiso Rabada,4,0,23,2,5.75,13,3,0,1,0,
"6th Match (N), Bengaluru, March 25",Harpreet Brar,4,0,13,2,3.25,12,0,0,0,0,
"6th Match (N), Bengaluru, March 25",Harshal Patel,4,0,45,1,11.25,6,4,2,3,0,
"6th Match (N), Bengaluru, March 25",Rahul Chahar,1,0,16,0,16.00,1,0,2,0,0,
"7th Match (N), Chennai, March 26",Azmatullah Omarzai,3,0,30,0,10.00,7,4,1,1,0,
"7th Match (N), Chennai, March 26",Umesh Yadav,2,0,27,0,13.50,5,3,2,1,0,
"7th Match (N), Chennai, March 26",Rashid Khan,4,0,49,2,12.25,4,4,3,0,0,
"7th Match (N), Chennai, March 26",Sai Kishore,3,0,28,1,9.33,6,0,2,2,0,
"7th Match (N), Chennai, March 26",Spencer Johnson,4,0,35,1,8.75,8,3,2,0,0,
"7th Match (N), Chennai, March 26",Mohit Sharma,4,0,36,1,9.00,4,2,1,1,0,
"7th Match (N), Chennai, March 26",Deepak Chahar,4,0,28,2,7.00,11,2,1,3,0,
"7th Match (N), Chennai, March 26",Mustafizur Rahman,4,0,30,2,7.50,10,5,0,0,0,
"7th Match (N), Chennai, March 26",Tushar Deshpande,4,0,21,2,5.25,12,1,1,0,0,
"7th Match (N), Chennai, March 26",Ravindra Jadeja,2,0,15,0,7.50,2,1,0,0,0,
"7th Match (N), Chennai, March 26",Daryl Mitchell,2,0,18,1,9.00,2,2,0,1,0,
"7th Match (N), Chennai, March 26",Matheesha Pathirana,4,0,29,1,7.25,13,2,1,4,0,
"8th Match (N), Hyderabad, March 27",Kwena Maphaka,4,0,66,0,16.50,7,7,5,3,0,
"8th Match (N), Hyderabad, March 27",Hardik Pandya,4,0,46,1,11.50,5,5,2,0,0,
"8th Match (N), Hyderabad, March 27",Jasprit Bumrah,4,0,36,0,9.00,4,2,1,1,1,
"8th Match (N), Hyderabad, March 27",Gerald Coetzee,4,0,57,1,14.25,3,4,3,2,1,
"8th Match (N), Hyderabad, March 27",Piyush Chawla,2,0,34,1,17.00,1,0,4,0,0,
"8th Match (N), Hyderabad, March 27",Shams Mulani,2,0,33,0,16.50,1,1,3,2,0,
"8th Match (N), Hyderabad, March 27",Bhuvneshwar Kumar,4,0,53,0,13.25,7,3,5,0,0,
"8th Match (N), Hyderabad, March 27",Jaydev Unadkat,4,0,47,2,11.75,6,4,3,2,0,
"8th Match (N), Hyderabad, March 27",Shahbaz Ahmed,3,0,39,1,13.00,5,1,4,0,0,
"8th Match (N), Hyderabad, March 27",Pat Cummins,4,0,35,2,8.75,7,1,2,1,0,
"8th Match (N), Hyderabad, March 27",Umran Malik,1,0,15,0,15.00,2,0,2,1,0,
"8th Match (N), Hyderabad, March 27",Mayank Markande,4,0,52,0,13.00,5,3,4,1,1,
"9th Match (N), Jaipur, March 28",Khaleel Ahmed,4,0,24,1,6.00,14,2,1,2,0,
"9th Match (N), Jaipur, March 28",Mukesh Kumar,4,0,49,1,12.25,8,7,2,1,0,
"9th Match (N), Jaipur, March 28",Anrich Nortje,4,0,48,1,12.00,8,4,4,0,0,
"9th Match (N), Jaipur, March 28",Axar Patel,4,0,21,1,5.25,6,1,0,0,0,
"9th Match (N), Jaipur, March 28",Kuldeep Yadav,4,0,41,1,10.25,5,1,3,2,0,
"9th Match (N), Jaipur, March 28",Trent Boult,3,0,29,0,9.66,8,3,2,0,0,
"9th Match (N), Jaipur, March 28",Nandre Burger,3,0,29,2,9.66,9,5,1,0,0,
"9th Match (N), Jaipur, March 28",Ravichandran Ashwin,3,0,30,0,10.00,4,1,2,1,0,
"9th Match (N), Jaipur, March 28",Avesh Khan,4,0,29,1,7.25,8,4,0,1,0,
"9th Match (N), Jaipur, March 28",Yuzvendra Chahal,3,0,19,2,6.33,7,0,1,0,0,
"9th Match (N), Jaipur, March 28",Sandeep Sharma,4,0,36,0,9.00,3,2,1,2,0,
"10th Match (N), Bengaluru, March 29",Mitchell Starc,4,0,47,0,11.75,7,4,3,1,0,
"10th Match (N), Bengaluru, March 29",Harshit Rana,4,0,39,2,9.75,6,2,2,1,0,
"10th Match (N), Bengaluru, March 29",Anukul Roy,2,0,6,0,3.00,7,0,0,0,0,
"10th Match (N), Bengaluru, March 29",Sunil Narine,4,0,40,1,10.00,6,3,2,0,0,
"10th Match (N), Bengaluru, March 29",Andre Russell,4,0,29,2,7.25,12,0,3,1,0,
"10th Match (N), Bengaluru, March 29",Varun Chakravarthy,2,0,20,0,10.00,3,2,1,0,0,
"10th Match (N), Bengaluru, March 29",Mohammed Siraj,3,0,46,0,15.33,3,1,5,2,0,
"10th Match (N), Bengaluru, March 29",Yash Dayal,4,0,46,1,11.50,8,4,2,2,0,
"10th Match (N), Bengaluru, March 29",Alzarri Joseph,2,0,34,0,17.00,5,2,4,0,0,
"10th Match (N), Bengaluru, March 29",Mayank Dagar,2.5,0,23,1,8.11,6,0,2,0,0,
"10th Match (N), Bengaluru, March 29",Vijaykumar Vyshak,4,0,23,1,5.75,6,1,0,0,0,
"10th Match (N), Bengaluru, March 29",Cameron Green,1,0,7,0,7.00,2,1,0,0,0,
"11th Match (N), Lucknow, March 30",Sam Curran,4,0,28,3,7.00,10,2,1,0,0,
"11th Match (N), Lucknow, March 30",Arshdeep Singh,3,0,30,2,10.00,5,3,1,1,0,
"11th Match (N), Lucknow, March 30",Kagiso Rabada,4,0,38,1,9.50,10,4,2,0,0,
"11th Match (N), Lucknow, March 30",Rahul Chahar,3,0,42,1,14.00,1,1,4,0,0,
"11th Match (N), Lucknow, March 30",Harpreet Brar,2,0,14,0,7.00,4,0,1,0,0,
"11th Match (N), Lucknow, March 30",Harshal Patel,4,0,45,0,11.25,6,5,1,4,0,
"11th Match (N), Lucknow, March 30",Manimaran Siddharth,2,0,21,0,10.50,5,3,1,0,0,
"11th Match (N), Lucknow, March 30",Naveen-ul-Haq,4,0,43,0,10.75,5,4,2,1,0,
"11th Match (N), Lucknow, March 30",Mohsin Khan,4,0,34,2,8.50,10,3,2,1,0,
"11th Match (N), Lucknow, March 30",Krunal Pandya,3,0,26,0,8.66,5,1,2,0,0,
"11th Match (N), Lucknow, March 30",Ravi Bishnoi,3,0,25,0,8.33,7,1,2,0,0,
"11th Match (N), Lucknow, March 30",Mayank Yadav,4,0,27,3,6.75,12,3,1,0,0,
"12th Match (D/N), Ahmedabad, March 31",Azmatullah Omarzai,3,0,24,1,8.00,9,4,0,1,0,
"12th Match (D/N), Ahmedabad, March 31",Umesh Yadav,3,0,28,1,9.33,8,5,0,0,0,
"12th Match (D/N), Ahmedabad, March 31",Rashid Khan,4,0,33,1,8.25,7,1,2,0,0,
"12th Match (D/N), Ahmedabad, March 31",Noor Ahmad,4,0,32,1,8.00,10,2,2,0,0,
"12th Match (D/N), Ahmedabad, March 31",Mohit Sharma,4,0,25,3,6.25,6,0,1,0,0,
"12th Match (D/N), Ahmedabad, March 31",Darshan Nalkande,2,0,18,0,9.00,2,0,1,1,0,
"12th Match (D/N), Ahmedabad, March 31",Bhuvneshwar Kumar,4,0,27,0,6.75,9,3,0,1,0,
"12th Match (D/N), Ahmedabad, March 31",Shahbaz Ahmed,2,0,20,1,10.00,2,0,2,0,0,
"12th Match (D/N), Ahmedabad, March 31",Jaydev Unadkat,3.1,0,33,0,10.42,5,3,2,0,0,
"12th Match (D/N), Ahmedabad, March 31",Washington Sundar,3,0,27,0,9.00,1,2,0,0,0,
"12th Match (D/N), Ahmedabad, March 31",Mayank Markande,3,0,33,1,11.00,4,2,2,2,0,
"12th Match (D/N), Ahmedabad, March 31",Pat Cummins,4,0,28,1,7.00,7,3,0,1,0,
"13th Match (N), Visakhapatnam, March 31",Deepak Chahar,4,0,42,0,10.50,9,3,3,0,0,
"13th Match (N), Visakhapatnam, March 31",Tushar Deshpande,4,0,24,0,6.00,12,3,0,2,0,
"13th Match (N), Visakhapatnam, March 31",Mustafizur Rahman,4,0,47,1,11.75,5,6,1,1,2,
"13th Match (N), Visakhapatnam, March 31",Ravindra Jadeja,4,0,43,1,10.75,5,1,4,0,0,
"13th Match (N), Visakhapatnam, March 31",Matheesha Pathirana,4,0,31,3,7.75,10,3,1,2,0,
"13th Match (N), Visakhapatnam, March 31",Khaleel Ahmed,4,1,21,2,5.25,15,1,1,4,0,
"13th Match (N), Visakhapatnam, March 31",Ishant Sharma,3,0,23,0,7.66,7,3,0,1,1,
"13th Match (N), Visakhapatnam, March 31",Anrich Nortje,4,0,43,0,10.75,7,3,3,1,0,
"13th Match (N), Visakhapatnam, March 31",Axar Patel,3,0,20,1,6.66,5,0,1,0,0,
"13th Match (N), Visakhapatnam, March 31",Rasikh Salam,2,0,25,0,12.50,2,1,2,0,0,
"13th Match (N), Visakhapatnam, March 31",Mitchell Marsh,1,0,14,0,14.00,0,2,0,1,0,
"13th Match (N), Visakhapatnam, March 31",Mukesh Kumar,3,0,21,3,7.00,8,3,0,1,0,
"14th Match (N), Wankhede, April 01",Trent Boult,4,0,22,3,5.50,14,1,1,1,0,
"14th Match (N), Wankhede, April 01",Nandre Burger,4,0,32,2,8.00,15,5,1,1,0,
"14th Match (N), Wankhede, April 01",Avesh Khan,4,0,30,1,7.50,10,2,1,1,0,
"14th Match (N), Wankhede, April 01",Yuzvendra Chahal,4,0,11,3,2.75,16,1,0,0,0,
"14th Match (N), Wankhede, April 01",Ravichandran Ashwin,4,0,27,0,6.75,6,1,0,1,0,
"14th Match (N), Wankhede, April 01",Kwena Maphaka,2,0,23,1,11.50,5,5,0,0,0,
"14th Match (N), Wankhede, April 01",Jasprit Bumrah,4,0,26,0,6.50,16,3,0,5,0,
"14th Match (N), Wankhede, April 01",Akash Madhwal,4,0,20,3,5.00,9,1,0,1,0,
"14th Match (N), Wankhede, April 01",Gerald Coetzee,2.3,0,36,0,14.40,5,5,2,0,0,
"14th Match (N), Wankhede, April 01",Piyush Chawla,3,0,18,0,6.00,6,0,1,0,0,
"15th Match (N), Bengaluru, April 02",Reece Topley,4,0,39,1,9.75,11,3,3,1,0,
"15th Match (N), Bengaluru, April 02",Yash Dayal,4,0,24,1,6.00,12,2,1,0,0,
"15th Match (N), Bengaluru, April 02",Mohammed Siraj,4,0,47,1,11.75,11,2,5,3,0,
"15th Match (N), Bengaluru, April 02",Glenn Maxwell,4,0,23,2,5.75,12,0,2,1,0,
"15th Match (N), Bengaluru, April 02",Mayank Dagar,2,0,23,0,11.50,2,1,1,1,0,
"15th Match (N), Bengaluru, April 02",Cameron Green,2,0,25,0,12.50,3,2,2,0,0,
"15th Match (N), Bengaluru, April 02",Manimaran Siddharth,3,0,21,1,7.00,7,3,0,0,0,
"15th Match (N), Bengaluru, April 02",Krunal Pandya,1,0,10,0,10.00,0,1,0,0,0,
"15th Match (N), Bengaluru, April 02",Naveen-ul-Haq,3.4,0,25,2,6.81,14,2,2,1,0,
"15th Match (N), Bengaluru, April 02",Mayank Yadav,4,0,14,3,3.50,17,2,0,0,0,
"15th Match (N), Bengaluru, April 02",Ravi Bishnoi,3,0,33,0,11.00,6,1,3,2,0,
"15th Match (N), Bengaluru, April 02",Yash Thakur,4,0,38,1,9.50,7,2,3,0,0,
"15th Match (N), Bengaluru, April 02",Marcus Stoinis,1,0,9,1,9.00,3,0,0,1,0,
"16th Match (N), Visakhapatnam, April 03",Khaleel Ahmed,4,0,43,1,10.75,12,3,2,6,1,
"16th Match (N), Visakhapatnam, April 03",Ishant Sharma,3,0,43,2,14.33,6,5,3,0,0,
"16th Match (N), Visakhapatnam, April 03",Anrich Nortje,4,0,59,3,14.75,6,5,4,2,0,
"16th Match (N), Visakhapatnam, April 03",Rasikh Salam,3,0,47,0,15.66,5,4,4,1,0,
"16th Match (N), Visakhapatnam, April 03",Sumit Kumar,2,0,19,0,9.50,2,1,1,0,0,
"16th Match (N), Visakhapatnam, April 03",Axar Patel,1,0,18,0,18.00,1,1,2,0,0,
"16th Match (N), Visakhapatnam, April 03",Mitchell Marsh,3,0,37,1,12.33,4,3,2,4,0,
"16th Match (N), Visakhapatnam, April 03",Mitchell Starc,3,0,25,2,8.33,10,2,2,0,0,
"16th Match (N), Visakhapatnam, April 03",Vaibhav Arora,4,0,27,3,6.75,13,4,0,3,0,
"16th Match (N), Visakhapatnam, April 03",Andre Russell,1.2,0,14,1,10.50,4,0,2,0,0,
"16th Match (N), Visakhapatnam, April 03",Sunil Narine,4,0,29,1,7.25,12,0,3,0,0,
"16th Match (N), Visakhapatnam, April 03",Varun Chakravarthy,4,0,33,3,8.25,10,2,2,2,1,
"16th Match (N), Visakhapatnam, April 03",Venkatesh Iyer,1,0,28,0,28.00,0,4,2,0,0,
"17th Match (N), Ahmedabad, April 04",Harpreet Brar,4,0,33,1,8.25,10,3,1,0,0,
"17th Match (N), Ahmedabad, April 04",Arshdeep Singh,4,0,33,0,8.25,6,4,0,0,0,
"17th Match (N), Ahmedabad, April 04",Kagiso Rabada,4,0,44,2,11.00,6,5,2,1,0,
"17th Match (N), Ahmedabad, April 04",Sam Curran,2,0,18,0,9.00,4,3,0,0,0,
"17th Match (N), Ahmedabad, April 04",Harshal Patel,4,0,44,1,11.00,3,2,2,3,0,
"17th Match (N), Ahmedabad, April 04",Sikandar Raza,2,0,22,0,11.00,2,4,0,0,0,
"17th Match (N), Ahmedabad, April 04",Azmatullah Omarzai,4,0,41,1,10.25,6,7,0,1,0,
"17th Match (N), Ahmedabad, April 04",Umesh Yadav,3,0,35,1,11.66,6,4,2,0,0,
"17th Match (N), Ahmedabad, April 04",Rashid Khan,4,0,40,1,10.00,8,2,3,0,0,
"17th Match (N), Ahmedabad, April 04",Noor Ahmad,4,0,32,2,8.00,10,2,1,2,0,
"17th Match (N), Ahmedabad, April 04",Mohit Sharma,4,0,38,1,9.50,6,2,2,0,0,
"17th Match (N), Ahmedabad, April 04",Darshan Nalkande,0.5,0,6,1,7.20,3,1,0,1,0,
"18th Match (N), Hyderabad, April 05",Abhishek Sharma,1,0,7,0,7.00,2,1,0,0,0,
"18th Match (N), Hyderabad, April 05",Bhuvneshwar Kumar,4,0,28,1,7.00,11,3,1,0,0,
"18th Match (N), Hyderabad, April 05",T Natarajan,4,0,39,1,9.75,6,3,2,0,0,
"18th Match (N), Hyderabad, April 05",Pat Cummins,4,0,29,1,7.25,9,2,1,0,0,
"18th Match (N), Hyderabad, April 05",Mayank Markande,2,0,21,0,10.50,0,1,1,0,0,
"18th Match (N), Hyderabad, April 05",Shahbaz Ahmed,1,0,11,1,11.00,3,1,1,0,0,
"18th Match (N), Hyderabad, April 05",Jaydev Unadkat,4,0,29,1,7.25,8,3,0,1,0,
"18th Match (N), Hyderabad, April 05",Deepak Chahar,3.1,0,32,1,10.10,9,2,3,0,0,
"18th Match (N), Hyderabad, April 05",Mukesh Choudhary,1,0,27,0,27.00,2,2,3,0,1,
"18th Match (N), Hyderabad, April 05",Maheesh Theekshana,4,0,27,1,6.75,9,3,0,0,0,
"18th Match (N), Hyderabad, April 05",Tushar Deshpande,2,0,20,0,10.00,5,4,0,0,0,
"18th Match (N), Hyderabad, April 05",Ravindra Jadeja,4,0,30,0,7.50,5,1,1,0,0,
"18th Match (N), Hyderabad, April 05",Moeen Ali,3,0,23,2,7.66,5,0,1,1,0,
"18th Match (N), Hyderabad, April 05",Rachin Ravindra,1,0,3,0,3.00,3,0,0,0,0,
"19th Match (N), Jaipur, April 06",Trent Boult,3,0,30,0,10.00,5,2,2,1,0,
"19th Match (N), Jaipur, April 06",Nandre Burger,4,0,33,1,8.25,11,3,1,2,0,
"19th Match (N), Jaipur, April 06",Ravichandran Ashwin,4,0,28,0,7.00,5,0,1,1,0,
"19th Match (N), Jaipur, April 06",Avesh Khan,4,0,46,0,11.50,3,8,0,0,0,
"19th Match (N), Jaipur, April 06",Yuzvendra Chahal,4,0,34,2,8.50,8,1,2,1,0,
"19th Match (N), Jaipur, April 06",Riyan Parag,1,0,10,0,10.00,1,0,1,0,0,
"19th Match (N), Jaipur, April 06",Reece Topley,4,0,27,2,6.75,9,3,0,1,0,
"19th Match (N), Jaipur, April 06",Yash Dayal,4,0,37,1,9.25,10,5,1,0,0,
"19th Match (N), Jaipur, April 06",Mohammed Siraj,4,0,35,1,8.75,5,3,1,1,0,
"19th Match (N), Jaipur, April 06",Mayank Dagar,2,0,34,0,17.00,4,5,2,0,0,
"19th Match (N), Jaipur, April 06",Cameron Green,3.1,0,27,0,8.52,5,1,1,1,0,
"19th Match (N), Jaipur, April 06",Himanshu Sharma,2,0,29,0,14.50,0,3,1,0,0,
"20th Match (D/N), Wankhede, April 07",Khaleel Ahmed,4,0,39,1,9.75,8,3,2,0,0,
"20th Match (D/N), Wankhede, April 07",Ishant Sharma,3,0,40,0,13.33,5,4,1,4,0,
"20th Match (D/N), Wankhede, April 07",Jhye Richardson,4,0,40,0,10.00,8,2,3,1,0,
"20th Match (D/N), Wankhede, April 07",Axar Patel,4,0,35,2,8.75,8,3,2,0,0,
"20th Match (D/N), Wankhede, April 07",Lalit Yadav,1,0,15,0,15.00,1,3,0,0,0,
"20th Match (D/N), Wankhede, April 07",Anrich Nortje,4,0,65,2,16.25,7,4,6,3,1,
"20th Match (D/N), Wankhede, April 07",Gerald Coetzee,4,0,34,4,8.50,11,3,2,0,0,
"20th Match (D/N), Wankhede, April 07",Jasprit Bumrah,4,0,22,2,5.50,11,3,0,0,0,
"20th Match (D/N), Wankhede, April 07",Akash Madhwal,4,0,45,0,11.25,9,7,1,0,1,
"20th Match (D/N), Wankhede, April 07",Romario Shepherd,4,0,54,1,13.50,4,3,4,1,0,
"20th Match (D/N), Wankhede, April 07",Mohammad Nabi,2,0,17,0,8.50,1,0,1,0,0,
"20th Match (D/N), Wankhede, April 07",Piyush Chawla,2,0,32,0,16.00,2,2,3,0,0,
"21st Match (N), Lucknow, April 07",Umesh Yadav,3,0,22,2,7.33,11,2,1,0,0,
"21st Match (N), Lucknow, April 07",Spencer Johnson,4,0,32,0,8.00,12,4,1,1,0,
"21st Match (N), Lucknow, April 07",Rashid Khan,4,0,28,1,7.00,4,0,1,0,0,
"21st Match (N), Lucknow, April 07",Mohit Sharma,3,0,34,0,11.33,2,4,1,0,0,
"21st Match (N), Lucknow, April 07",Noor Ahmad,4,0,22,0,5.50,7,1,0,0,0,
"21st Match (N), Lucknow, April 07",Darshan Nalkande,2,0,21,2,10.50,2,0,2,0,0,
"21st Match (N), Lucknow, April 07",Manimaran Siddharth,4,0,29,0,7.25,10,0,1,1,3,
"21st Match (N), Lucknow, April 07",Naveen-ul-Haq,4,0,37,1,9.25,7,3,1,1,1,
"21st Match (N), Lucknow, April 07",Mayank Yadav,1,0,13,0,13.00,2,3,0,0,0,
"21st Match (N), Lucknow, April 07",Yash Thakur,3.5,1,30,5,7.82,14,3,2,2,0,
"21st Match (N), Lucknow, April 07",Krunal Pandya,4,0,11,3,2.75,13,0,0,0,0,
"21st Match (N), Lucknow, April 07",Ravi Bishnoi,2,0,8,1,4.00,5,0,0,1,0,
"22nd Match (N), Chennai, April 08",Tushar Deshpande,4,0,33,3,8.25,12,4,1,2,0,
"22nd Match (N), Chennai, April 08",Mustafizur Rahman,4,0,22,2,5.50,16,3,0,2,1,
"22nd Match (N), Chennai, April 08",Shardul Thakur,3,0,27,0,9.00,3,3,0,1,1,
"22nd Match (N), Chennai, April 08",Maheesh Theekshana,4,0,28,1,7.00,13,0,3,0,0,
"22nd Match (N), Chennai, April 08",Ravindra Jadeja,4,0,18,3,4.50,11,1,0,1,0,
"22nd Match (N), Chennai, April 08",Rachin Ravindra,1,0,4,0,4.00,2,0,0,0,0,
"22nd Match (N), Chennai, April 08",Mitchell Starc,3,0,29,0,9.66,7,5,0,2,0,
"22nd Match (N), Chennai, April 08",Vaibhav Arora,4,0,28,2,7.00,11,3,1,0,0,
"22nd Match (N), Chennai, April 08",Anukul Roy,1.4,0,18,0,10.80,4,4,0,0,0,
"22nd Match (N), Chennai, April 08",Sunil Narine,4,0,30,1,7.50,5,1,1,0,0,
"22nd Match (N), Chennai, April 08",Varun Chakravarthy,4,0,26,0,6.50,11,0,2,0,0,
"22nd Match (N), Chennai, April 08",Andre Russell,1,0,8,0,8.00,2,1,0,1,0,
"23rd Match (N), Mullanpur, April 09",Kagiso Rabada,4,0,32,1,8.00,13,4,1,1,0,
"23rd Match (N), Mullanpur, April 09",Arshdeep Singh,4,0,29,4,7.25,12,3,1,2,0,
"23rd Match (N), Mullanpur, April 09",Sam Curran,4,0,41,2,10.25,9,2,3,1,0,
"23rd Match (N), Mullanpur, April 09",Harshal Patel,4,0,30,2,7.50,8,4,0,1,0,
"23rd Match (N), Mullanpur, April 09",Harpreet Brar,4,0,48,0,12.00,7,5,3,0,0,
"23rd Match (N), Mullanpur, April 09",Bhuvneshwar Kumar,4,1,32,2,8.00,13,6,0,2,0,
"23rd Match (N), Mullanpur, April 09",Pat Cummins,4,0,22,1,5.50,11,3,0,0,0,
"23rd Match (N), Mullanpur, April 09",T Natarajan,4,0,33,1,8.25,8,5,0,0,0,
"23rd Match (N), Mullanpur, April 09",Nitish Kumar Reddy,3,0,33,1,11.00,6,3,2,1,0,
"23rd Match (N), Mullanpur, April 09",Jaydev Unadkat,4,0,49,1,12.25,7,0,5,3,0,
"23rd Match (N), Mullanpur, April 09",Shahbaz Ahmed,1,0,10,0,10.00,1,0,1,0,0,
"24th Match (N), Jaipur, April 10",Umesh Yadav,4,0,47,1,11.75,9,6,2,2,0,
"24th Match (N), Jaipur, April 10",Spencer Johnson,4,0,37,0,9.25,6,4,1,0,0,
"24th Match (N), Jaipur, April 10",Rashid Khan,4,0,18,1,4.50,10,1,0,0,0,
"24th Match (N), Jaipur, April 10",Noor Ahmad,4,0,43,0,10.75,6,1,3,1,0,
"24th Match (N), Jaipur, April 10",Mohit Sharma,4,0,51,1,12.75,3,4,2,4,0,
"24th Match (N), Jaipur, April 10",Trent Boult,2,0,8,0,4.00,7,1,0,0,0,
"24th Match (N), Jaipur, April 10",Avesh Khan,4,0,48,1,12.00,3,4,2,2,0,
"24th Match (N), Jaipur, April 10",Keshav Maharaj,2,0,16,0,8.00,3,0,1,0,0,
"24th Match (N), Jaipur, April 10",Ravichandran Ashwin,4,0,40,0,10.00,4,4,1,0,0,
"24th Match (N), Jaipur, April 10",Yuzvendra Chahal,4,0,43,2,10.75,4,6,0,1,0,
"24th Match (N), Jaipur, April 10",Kuldeep Sen,4,0,41,3,10.25,7,5,0,4,1,
"25th Match (N), Wankhede, April 11",Mohammad Nabi,1,0,7,0,7.00,2,1,0,0,0,
"25th Match (N), Wankhede, April 11",Gerald Coetzee,4,0,42,1,10.50,13,1,5,3,0,
"25th Match (N), Wankhede, April 11",Jasprit Bumrah,4,0,21,5,5.25,13,1,1,0,0,
"25th Match (N), Wankhede, April 11",Akash Madhwal,4,0,57,1,14.25,7,9,2,3,0,
"25th Match (N), Wankhede, April 11",Shreyas Gopal,4,0,32,1,8.00,7,0,2,0,0,
"25th Match (N), Wankhede, April 11",Romario Shepherd,2,0,22,0,11.00,1,3,0,0,0,
"25th Match (N), Wankhede, April 11",Hardik Pandya,1,0,13,0,13.00,2,0,1,2,0,
"25th Match (N), Wankhede, April 11",Reece Topley,3,0,34,0,11.33,8,6,1,1,0,
"25th Match (N), Wankhede, April 11",Mohammed Siraj,3,0,37,0,12.33,7,2,4,0,0,
"25th Match (N), Wankhede, April 11",Akash Deep,3.3,0,55,1,15.71,6,2,6,2,0,
"25th Match (N), Wankhede, April 11",Glenn Maxwell,1,0,17,0,17.00,0,2,1,0,0,
"25th Match (N), Wankhede, April 11",Vijaykumar Vyshak,3,0,32,1,10.66,6,3,2,0,0,
"25th Match (N), Wankhede, April 11",Will Jacks,2,0,24,1,12.00,2,3,1,0,0,
"26th Match (N), Lucknow, April 12",Khaleel Ahmed,4,0,41,2,10.25,11,5,2,1,0,
"26th Match (N), Lucknow, April 12",Ishant Sharma,4,0,36,1,9.00,6,4,0,4,0,
"26th Match (N), Lucknow, April 12",Mukesh Kumar,4,0,41,1,10.25,5,6,0,1,0,
"26th Match (N), Lucknow, April 12",Axar Patel,4,0,26,0,6.50,7,2,0,0,0,
"26th Match (N), Lucknow, April 12",Kuldeep Yadav,4,0,20,3,5.00,10,0,0,1,0,
"26th Match (N), Lucknow, April 12",Arshad Khan,3.1,0,34,0,10.73,7,4,2,0,0,
"26th Match (N), Lucknow, April 12",Naveen-ul-Haq,3,0,24,1,8.00,5,3,0,0,0,
"26th Match (N), Lucknow, April 12",Yash Thakur,4,0,31,1,7.75,11,1,2,0,0,
"26th Match (N), Lucknow, April 12",Krunal Pandya,3,0,45,0,15.00,4,2,3,3,0,
"26th Match (N), Lucknow, April 12",Ravi Bishnoi,4,0,25,2,6.25,12,2,1,0,0,
"26th Match (N), Lucknow, April 12",Marcus Stoinis,1,0,10,0,10.00,2,2,0,0,0,
"27th Match (N), Mullanpur, April 13",Trent Boult,4,0,22,1,5.50,11,2,0,2,0,
"27th Match (N), Mullanpur, April 13",Kuldeep Sen,4,0,35,1,8.75,9,3,2,0,0,
"27th Match (N), Mullanpur, April 13",Avesh Khan,4,0,34,2,8.50,8,2,2,0,0,
"27th Match (N), Mullanpur, April 13",Yuzvendra Chahal,4,0,31,1,7.75,6,0,2,2,1,
"27th Match (N), Mullanpur, April 13",Keshav Maharaj,4,0,23,2,5.75,8,2,0,0,0,
"27th Match (N), Mullanpur, April 13",Arshdeep Singh,3.5,0,45,1,11.73,8,3,3,1,0,
"27th Match (N), Mullanpur, April 13",Kagiso Rabada,4,0,18,2,4.50,14,2,0,0,0,
"27th Match (N), Mullanpur, April 13",Sam Curran,4,0,25,2,6.25,9,3,0,1,0,
"27th Match (N), Mullanpur, April 13",Liam Livingstone,3,0,21,1,7.00,9,2,1,1,0,
"27th Match (N), Mullanpur, April 13",Harshal Patel,2,0,21,1,10.50,1,1,1,0,0,
"27th Match (N), Mullanpur, April 13",Harpreet Brar,3,0,22,0,7.33,2,1,0,0,0,
"28th Match (D/N), Eden Gardens, April 14",Mitchell Starc,4,0,28,3,7.00,13,5,0,1,0,
"28th Match (D/N), Eden Gardens, April 14",Vaibhav Arora,3,0,34,1,11.33,6,1,3,1,1,
"28th Match (D/N), Eden Gardens, April 14",Harshit Rana,4,0,35,0,8.75,9,4,1,2,0,
"28th Match (D/N), Eden Gardens, April 14",Sunil Narine,4,0,17,1,4.25,7,0,0,0,0,
"28th Match (D/N), Eden Gardens, April 14",Varun Chakravarthy,4,0,30,1,7.50,9,1,2,2,0,
"28th Match (D/N), Eden Gardens, April 14",Andre Russell,1,0,16,1,16.00,2,2,1,0,0,
"28th Match (D/N), Eden Gardens, April 14",Shamar Joseph,4,0,47,0,11.75,12,4,2,3,3,
"28th Match (D/N), Eden Gardens, April 14",Mohsin Khan,4,0,29,2,7.25,12,2,2,1,0,
"28th Match (D/N), Eden Gardens, April 14",Krunal Pandya,1,0,14,0,14.00,1,3,0,0,0,
"28th Match (D/N), Eden Gardens, April 14",Yash Thakur,2,0,25,0,12.50,3,5,0,1,0,
"28th Match (D/N), Eden Gardens, April 14",Arshad Khan,2,0,24,0,12.00,5,5,0,1,0,
"28th Match (D/N), Eden Gardens, April 14",Ravi Bishnoi,2.4,0,17,0,6.37,7,2,0,2,0,
"29th Match (N), Wankhede, April 14",Mohammad Nabi,3,0,19,0,6.33,7,1,1,0,0,
"29th Match (N), Wankhede, April 14",Gerald Coetzee,4,0,35,1,8.75,13,4,2,1,0,
"29th Match (N), Wankhede, April 14",Jasprit Bumrah,4,0,27,0,6.75,8,2,0,2,0,
"29th Match (N), Wankhede, April 14",Akash Madhwal,3,0,37,0,12.33,4,4,2,0,0,
"29th Match (N), Wankhede, April 14",Shreyas Gopal,1,0,9,1,9.00,2,0,1,0,0,
"29th Match (N), Wankhede, April 14",Hardik Pandya,3,0,43,2,14.33,6,4,3,2,0,
"29th Match (N), Wankhede, April 14",Romario Shepherd,2,0,33,0,16.50,2,4,2,0,0,
"29th Match (N), Wankhede, April 14",Tushar Deshpande,4,0,29,1,7.25,9,3,1,0,0,
"29th Match (N), Wankhede, April 14",Mustafizur Rahman,4,0,55,1,13.75,5,4,4,3,0,
"29th Match (N), Wankhede, April 14",Shardul Thakur,4,0,35,0,8.75,9,3,2,0,0,
"29th Match (N), Wankhede, April 14",Ravindra Jadeja,4,0,37,0,9.25,8,5,1,0,0,
"29th Match (N), Wankhede, April 14",Matheesha Pathirana,4,0,28,4,7.00,12,4,0,1,0,
"30th Match (N), Bengaluru, April 15",Will Jacks,3,0,32,0,10.66,5,2,2,1,0,
"30th Match (N), Bengaluru, April 15",Reece Topley,4,0,68,1,17.00,3,6,5,2,0,
"30th Match (N), Bengaluru, April 15",Yash Dayal,4,0,51,0,12.75,5,3,3,3,1,
"30th Match (N), Bengaluru, April 15",Lockie Ferguson,4,0,52,2,13.00,8,2,6,0,0,
"30th Match (N), Bengaluru, April 15",Vijaykumar Vyshak,4,0,64,0,16.00,2,6,4,2,0,
"30th Match (N), Bengaluru, April 15",Mahipal Lomror,1,0,18,0,18.00,1,0,2,3,0,
"30th Match (N), Bengaluru, April 15",Abhishek Sharma,1,0,10,0,10.00,2,2,0,0,0,
"30th Match (N), Bengaluru, April 15",Bhuvneshwar Kumar,4,0,60,0,15.00,5,9,2,4,0,
"30th Match (N), Bengaluru, April 15",Shahbaz Ahmed,1,0,18,0,18.00,1,1,2,0,0,
"30th Match (N), Bengaluru, April 15",T Natarajan,4,0,47,1,11.75,6,2,3,4,0,
"30th Match (N), Bengaluru, April 15",Pat Cummins,4,0,43,3,10.75,10,4,3,1,0,
"30th Match (N), Bengaluru, April 15",Mayank Markande,4,0,46,2,11.50,5,1,4,3,0,
"30th Match (N), Bengaluru, April 15",Jaydev Unadkat,2,0,37,0,18.50,1,5,2,1,0,
"31st Match (N), Eden Gardens, April 16",Trent Boult,4,0,31,1,7.75,11,5,0,0,0,
"31st Match (N), Eden Gardens, April 16",Avesh Khan,4,0,35,2,8.75,10,5,1,1,0,
"31st Match (N), Eden Gardens, April 16",Kuldeep Sen,4,0,46,2,11.50,8,6,2,2,0,
"31st Match (N), Eden Gardens, April 16",Yuzvendra Chahal,4,0,54,1,13.50,4,4,4,1,0,
"31st Match (N), Eden Gardens, April 16",Ravichandran Ashwin,4,0,49,0,12.25,8,4,2,5,0,
"31st Match (N), Eden Gardens, April 16",Mitchell Starc,4,0,50,0,12.50,7,6,1,5,0,
"31st Match (N), Eden Gardens, April 16",Vaibhav Arora,3,0,45,1,15.00,4,5,3,0,1,
"31st Match (N), Eden Gardens, April 16",Harshit Rana,4,0,45,2,11.25,6,3,3,1,0,
"31st Match (N), Eden Gardens, April 16",Sunil Narine,4,0,30,2,7.50,12,1,2,2,0,
"31st Match (N), Eden Gardens, April 16",Varun Chakravarthy,4,0,36,2,9.00,11,5,1,1,0,
"31st Match (N), Eden Gardens, April 16",Andre Russell,1,0,17,0,17.00,0,0,2,0,0,
"32nd Match (N), Ahmedabad, April 17",Khaleel Ahmed,4,1,18,1,4.50,16,3,0,1,0,
"32nd Match (N), Ahmedabad, April 17",Ishant Sharma,2,0,8,2,4.00,9,1,0,1,0,
"32nd Match (N), Ahmedabad, April 17",Mukesh Kumar,2.3,0,14,3,5.60,9,1,0,1,2,
"32nd Match (N), Ahmedabad, April 17",Kuldeep Yadav,4,0,16,0,4.00,13,0,1,0,0,
"32nd Match (N), Ahmedabad, April 17",Tristan Stubbs,1,0,11,2,11.00,3,2,0,1,0,
"32nd Match (N), Ahmedabad, April 17",Axar Patel,4,0,17,1,4.25,13,1,0,1,0,
"32nd Match (N), Ahmedabad, April 17",Sandeep Warrier,3,0,40,2,13.33,8,3,4,0,0,
"32nd Match (N), Ahmedabad, April 17",Spencer Johnson,2,0,22,1,11.00,6,3,1,2,0,
"32nd Match (N), Ahmedabad, April 17",Rashid Khan,2,0,12,1,6.00,6,0,1,0,0,
"32nd Match (N), Ahmedabad, April 17",Noor Ahmad,1.5,0,14,0,7.63,6,3,0,0,0,
"33rd Match (N), Mullanpur, April 18",Liam Livingstone,2,0,16,0,8.00,4,1,1,0,0,
"33rd Match (N), Mullanpur, April 18",Arshdeep Singh,3,0,35,0,11.66,4,5,1,1,0,
"33rd Match (N), Mullanpur, April 18",Kagiso Rabada,4,0,42,1,10.50,7,3,3,0,0,
"33rd Match (N), Mullanpur, April 18",Harshal Patel,4,0,31,3,7.75,9,1,2,2,0,
"33rd Match (N), Mullanpur, April 18",Sam Curran,4,0,41,2,10.25,10,3,3,2,0,
"33rd Match (N), Mullanpur, April 18",Harpreet Brar,3,0,21,0,7.00,3,1,0,0,0,
"33rd Match (N), Mullanpur, April 18",Gerald Coetzee,4,0,32,3,8.00,13,5,0,2,0,
"33rd Match (N), Mullanpur, April 18",Jasprit Bumrah,4,0,21,3,5.25,13,1,1,1,1,
"33rd Match (N), Mullanpur, April 18",Akash Madhwal,3.1,0,46,1,14.52,7,2,4,4,1,
"33rd Match (N), Mullanpur, April 18",Hardik Pandya,4,0,33,1,8.25,9,1,2,3,0,
"33rd Match (N), Mullanpur, April 18",Shreyas Gopal,2,0,26,1,13.00,1,0,3,0,0,
"33rd Match (N), Mullanpur, April 18",Romario Shepherd,2,0,20,0,10.00,6,1,2,0,0,
"34th Match (N), Lucknow, April 19",Matt Henry,3,0,26,0,8.66,6,2,1,0,0,
"34th Match (N), Lucknow, April 19",Mohsin Khan,4,0,37,1,9.25,7,2,2,3,0,
"34th Match (N), Lucknow, April 19",Yash Thakur,4,0,45,1,11.25,6,6,1,0,0,
"34th Match (N), Lucknow, April 19",Krunal Pandya,3,0,16,2,5.33,6,1,0,0,0,
"34th Match (N), Lucknow, April 19",Ravi Bishnoi,4,0,44,1,11.00,6,3,3,0,0,
"34th Match (N), Lucknow, April 19",Marcus Stoinis,2,0,7,1,3.50,6,0,0,0,0,
"34th Match (N), Lucknow, April 19",Deepak Chahar,3,0,26,0,8.66,8,2,2,0,0,
"34th Match (N), Lucknow, April 19",Tushar Deshpande,4,0,42,0,10.50,9,5,1,4,1,
"34th Match (N), Lucknow, April 19",Mustafizur Rahman,4,0,43,1,10.75,5,7,0,2,0,
"34th Match (N), Lucknow, April 19",Ravindra Jadeja,3,0,32,0,10.66,1,4,0,1,0,
"34th Match (N), Lucknow, April 19",Matheesha Pathirana,4,0,29,1,7.25,8,0,2,2,0,
"34th Match (N), Lucknow, April 19",Moeen Ali,1,0,5,0,5.00,2,0,0,0,0,
"35th Match (N), Delhi, April 20",Khaleel Ahmed,3,0,51,0,17.00,4,4,5,0,0,
"35th Match (N), Delhi, April 20",Lalit Yadav,2,0,41,0,20.50,2,2,5,0,0,
"35th Match (N), Delhi, April 20",Anrich Nortje,3,0,31,0,10.33,6,4,1,1,0,
"35th Match (N), Delhi, April 20",Kuldeep Yadav,4,0,55,4,13.75,8,0,7,2,0,
"35th Match (N), Delhi, April 20",Mukesh Kumar,4,0,57,1,14.25,4,7,3,0,0,
"35th Match (N), Delhi, April 20",Axar Patel,4,0,29,1,7.25,4,1,1,0,0,
"35th Match (N), Delhi, April 20",Washington Sundar,2,0,46,1,23.00,2,7,3,0,0,
"35th Match (N), Delhi, April 20",Bhuvneshwar Kumar,4,0,33,1,8.25,10,5,0,3,0,
"35th Match (N), Delhi, April 20",Pat Cummins,4,0,35,0,8.75,9,5,1,0,0,
"35th Match (N), Delhi, April 20",T Natarajan,4,1,19,4,4.75,14,2,0,1,0,
"35th Match (N), Delhi, April 20",Mayank Markande,2,0,26,2,13.00,3,0,3,2,0,
"35th Match (N), Delhi, April 20",Shahbaz Ahmed,1,0,22,0,22.00,0,3,1,0,0,
"35th Match (N), Delhi, April 20",Nitish Kumar Reddy,2.1,0,17,2,7.84,3,0,1,1,0,
"36th Match (D/N), Eden Gardens, April 21",Mohammed Siraj,4,0,40,1,10.00,13,4,3,2,0,
"36th Match (D/N), Eden Gardens, April 21",Yash Dayal,4,0,56,2,14.00,7,9,1,3,1,
"36th Match (D/N), Eden Gardens, April 21",Lockie Ferguson,4,0,47,1,11.75,3,5,2,0,1,
"36th Match (D/N), Eden Gardens, April 21",Karn Sharma,4,0,33,0,8.25,7,3,1,0,0,
"36th Match (D/N), Eden Gardens, April 21",Cameron Green,4,0,35,2,8.75,9,6,0,2,0,
"36th Match (D/N), Eden Gardens, April 21",Harshit Rana,4,0,33,2,8.25,9,2,2,1,0,
"36th Match (D/N), Eden Gardens, April 21",Mitchell Starc,3,0,55,1,18.33,6,2,7,1,0,
"36th Match (D/N), Eden Gardens, April 21",Varun Chakravarthy,4,0,36,1,9.00,11,5,1,0,0,
"36th Match (D/N), Eden Gardens, April 21",Sunil Narine,4,0,34,2,8.50,11,2,3,0,0,
"36th Match (D/N), Eden Gardens, April 21",Suyash Sharma,2,0,33,0,16.50,2,2,3,1,0,
"36th Match (D/N), Eden Gardens, April 21",Andre Russell,3,0,25,3,8.33,10,3,1,1,0,
"37th Match (N), Mullanpur, April 21",Azmatullah Omarzai,2,0,13,0,6.50,7,1,1,0,0,
"37th Match (N), Mullanpur, April 21",Sandeep Warrier,1,0,21,0,21.00,2,3,1,0,1,
"37th Match (N), Mullanpur, April 21",Mohit Sharma,4,0,32,2,8.00,10,4,1,1,0,
"37th Match (N), Mullanpur, April 21",Rashid Khan,4,0,15,1,3.75,11,0,0,0,0,
"37th Match (N), Mullanpur, April 21",Noor Ahmad,4,0,20,2,5.00,10,2,0,0,0,
"37th Match (N), Mullanpur, April 21",Sai Kishore,4,0,33,4,8.25,11,2,2,1,0,
"37th Match (N), Mullanpur, April 21",M Shahrukh Khan,1,0,7,0,7.00,1,0,0,0,0,
"37th Match (N), Mullanpur, April 21",Kagiso Rabada,4,0,40,0,10.00,8,6,1,0,0,
"37th Match (N), Mullanpur, April 21",Arshdeep Singh,2.1,0,17,1,7.84,3,2,0,0,0,
"37th Match (N), Mullanpur, April 21",Harshal Patel,3,0,15,3,5.00,8,1,0,0,0,
"37th Match (N), Mullanpur, April 21",Sam Curran,2,0,18,1,9.00,4,3,0,0,0,
"37th Match (N), Mullanpur, April 21",Harpreet Brar,4,0,35,0,8.75,7,3,1,0,0,
"37th Match (N), Mullanpur, April 21",Liam Livingstone,4,0,19,2,4.75,9,1,0,1,0,
"38th Match (N), Jaipur, April 22",Trent Boult,4,0,32,2,8.00,10,3,1,3,0,
"38th Match (N), Jaipur, April 22",Sandeep Sharma,4,0,18,5,4.50,13,2,0,0,0,
"38th Match (N), Jaipur, April 22",Avesh Khan,4,0,49,1,12.25,7,4,3,3,0,
"38th Match (N), Jaipur, April 22",Ravichandran Ashwin,4,0,31,0,7.75,4,1,1,1,0,
"38th Match (N), Jaipur, April 22",Yuzvendra Chahal,4,0,48,1,12.00,6,4,3,1,0,
"38th Match (N), Jaipur, April 22",Hardik Pandya,2,0,21,0,10.50,3,2,1,0,0,
"38th Match (N), Jaipur, April 22",Jasprit Bumrah,4,0,37,0,9.25,10,5,1,1,1,
"38th Match (N), Jaipur, April 22",Nuwan Thushara,3,0,28,0,9.33,2,4,0,0,0,
"38th Match (N), Jaipur, April 22",Gerald Coetzee,2,0,25,0,12.50,7,2,2,3,0,
"38th Match (N), Jaipur, April 22",Mohammad Nabi,3,0,30,0,10.00,6,1,3,0,0,
"38th Match (N), Jaipur, April 22",Piyush Chawla,4,0,33,1,8.25,8,2,2,0,0,
"38th Match (N), Jaipur, April 22",Tilak Varma,0.4,0,8,0,12.00,0,1,0,0,0,
"39th Match (N), Chennai, April 23",Matt Henry,4,0,28,1,7.00,9,3,0,0,0,
"39th Match (N), Chennai, April 23",Mohsin Khan,4,0,50,1,12.50,6,5,3,0,0,
"39th Match (N), Chennai, April 23",Ravi Bishnoi,2,0,19,0,9.50,2,3,0,0,0,
"39th Match (N), Chennai, April 23",Yash Thakur,4,0,47,1,11.75,9,3,4,1,0,
"39th Match (N), Chennai, April 23",Marcus Stoinis,4,0,49,0,12.25,5,3,3,1,0,
"39th Match (N), Chennai, April 23",Krunal Pandya,2,0,15,0,7.50,3,2,0,0,0,
"39th Match (N), Chennai, April 23",Deepak Chahar,2,0,11,1,5.50,7,2,0,0,0,
"39th Match (N), Chennai, April 23",Tushar Deshpande,3,0,34,0,11.33,6,2,2,0,1,
"39th Match (N), Chennai, April 23",Mustafizur Rahman,3.3,0,51,1,14.57,8,5,4,0,1,
"39th Match (N), Chennai, April 23",Shardul Thakur,3,0,42,0,14.00,0,4,2,1,0,
"39th Match (N), Chennai, April 23",Moeen Ali,2,0,21,0,10.50,1,1,1,0,0,
"39th Match (N), Chennai, April 23",Ravindra Jadeja,2,0,16,0,8.00,3,0,1,0,1,
"39th Match (N), Chennai, April 23",Matheesha Pathirana,4,0,35,2,8.75,8,5,0,2,0,
"40th Match (N), Delhi, April 24",Azmatullah Omarzai,4,0,33,0,8.25,11,5,1,0,0,
"40th Match (N), Delhi, April 24",Sandeep Warrier,3,0,15,3,5.00,12,1,1,1,0,
"40th Match (N), Delhi, April 24",Rashid Khan,4,0,35,0,8.75,8,4,1,0,0,
"40th Match (N), Delhi, April 24",Noor Ahmad,3,0,36,1,12.00,4,2,3,1,0,
"40th Match (N), Delhi, April 24",Mohit Sharma,4,0,73,0,18.25,2,4,7,1,0,
"40th Match (N), Delhi, April 24",M Shahrukh Khan,1,0,8,0,8.00,3,0,1,0,0,
"40th Match (N), Delhi, April 24",Sai Kishore,1,0,22,0,22.00,0,2,2,0,0,
"40th Match (N), Delhi, April 24",Khaleel Ahmed,2,0,26,0,13.00,2,3,1,1,0,
"40th Match (N), Delhi, April 24",Anrich Nortje,3,0,48,1,16.00,6,5,4,0,0,
"40th Match (N), Delhi, April 24",Rasikh Salam,4,0,44,3,11.00,8,4,3,1,0,
"40th Match (N), Delhi, April 24",Mukesh Kumar,4,0,41,1,10.25,7,6,1,0,1,
"40th Match (N), Delhi, April 24",Axar Patel,3,0,28,1,9.33,4,2,1,0,0,
"40th Match (N), Delhi, April 24",Kuldeep Yadav,4,0,29,2,7.25,5,2,0,1,0,
"41st Match (N), Hyderabad, April 25",Abhishek Sharma,1,0,10,0,10.00,0,1,0,0,0,
"41st Match (N), Hyderabad, April 25",Bhuvneshwar Kumar,1,0,14,0,14.00,1,3,0,0,0,
"41st Match (N), Hyderabad, April 25",Pat Cummins,4,0,55,1,13.75,1,8,1,1,0,
"41st Match (N), Hyderabad, April 25",T Natarajan,4,0,39,2,9.75,7,3,2,1,0,
"41st Match (N), Hyderabad, April 25",Shahbaz Ahmed,3,0,14,0,4.66,7,1,0,0,0,
"41st Match (N), Hyderabad, April 25",Mayank Markande,3,0,42,1,14.00,2,0,5,1,0,
"41st Match (N), Hyderabad, April 25",Jaydev Unadkat,4,0,30,3,7.50,5,2,0,2,0,
"41st Match (N), Hyderabad, April 25",Will Jacks,2,0,23,1,11.50,3,1,2,0,0,
"41st Match (N), Hyderabad, April 25",Mohammed Siraj,4,0,20,0,5.00,11,1,0,2,0,
"41st Match (N), Hyderabad, April 25",Yash Dayal,3,0,18,1,6.00,8,1,0,3,0,
"41st Match (N), Hyderabad, April 25",Swapnil Singh,3,0,40,2,13.33,3,1,4,0,1,
"41st Match (N), Hyderabad, April 25",Karn Sharma,4,0,29,2,7.25,10,2,1,2,0,
"41st Match (N), Hyderabad, April 25",Lockie Ferguson,2,0,28,0,14.00,2,2,2,0,0,
"41st Match (N), Hyderabad, April 25",Cameron Green,2,0,12,2,6.00,7,2,0,1,0,
"42nd Match (N), Eden Gardens, April 26",Sam Curran,4,0,60,1,15.00,6,5,5,0,0,
"42nd Match (N), Eden Gardens, April 26",Arshdeep Singh,4,0,45,2,11.25,10,3,3,5,0,
"42nd Match (N), Eden Gardens, April 26",Harshal Patel,3,0,48,1,16.00,6,3,5,1,1,
"42nd Match (N), Eden Gardens, April 26",Kagiso Rabada,3,0,52,0,17.33,2,7,2,4,0,
"42nd Match (N), Eden Gardens, April 26",Rahul Chahar,4,0,33,1,8.25,9,4,1,0,0,
"42nd Match (N), Eden Gardens, April 26",Harpreet Brar,2,0,21,0,10.50,3,0,2,0,0,
"42nd Match (N), Eden Gardens, April 26",Dushmantha Chameera,3,0,48,0,16.00,6,3,5,1,0,
"42nd Match (N), Eden Gardens, April 26",Harshit Rana,4,0,61,0,15.25,5,3,6,1,0,
"42nd Match (N), Eden Gardens, April 26",Anukul Roy,2,0,36,0,18.00,2,5,2,0,0,
"42nd Match (N), Eden Gardens, April 26",Sunil Narine,4,0,24,1,6.00,12,2,1,0,0,
"42nd Match (N), Eden Gardens, April 26",Varun Chakravarthy,3,0,46,0,15.33,2,1,5,0,0,
"42nd Match (N), Eden Gardens, April 26",Andre Russell,2,0,36,0,18.00,2,1,4,2,0,
"42nd Match (N), Eden Gardens, April 26",Ramandeep Singh,0.4,0,9,0,13.50,0,0,1,0,0,
"43rd Match (D/N), Delhi, April 27",Luke Wood,4,0,68,1,17.00,5,9,4,0,0,
"43rd Match (D/N), Delhi, April 27",Jasprit Bumrah,4,0,35,1,8.75,10,2,2,2,1,
"43rd Match (D/N), Delhi, April 27",Nuwan Thushara,4,0,56,0,14.00,3,6,3,2,0,
"43rd Match (D/N), Delhi, April 27",Piyush Chawla,4,0,36,1,9.00,7,2,2,2,0,
"43rd Match (D/N), Delhi, April 27",Hardik Pandya,2,0,41,0,20.50,4,3,4,0,0,
"43rd Match (D/N), Delhi, April 27",Mohammad Nabi,2,0,20,1,10.00,2,0,2,0,0,
"43rd Match (D/N), Delhi, April 27",Lizaad Williams,3,0,34,0,11.33,6,4,0,3,1,
"43rd Match (D/N), Delhi, April 27",Khaleel Ahmed,4,0,45,2,11.25,7,4,3,0,0,
"43rd Match (D/N), Delhi, April 27",Mukesh Kumar,4,0,59,3,14.75,6,5,5,0,0,
"43rd Match (D/N), Delhi, April 27",Kuldeep Yadav,3,0,47,0,15.66,2,5,3,1,0,
"43rd Match (D/N), Delhi, April 27",Axar Patel,2,0,24,0,12.00,1,1,2,0,0,
"43rd Match (D/N), Delhi, April 27",Rasikh Salam,4,0,34,3,8.50,8,1,2,3,0,
"44th Match (N), Lucknow, April 27",Trent Boult,4,0,41,1,10.25,9,6,0,2,0,
"44th Match (N), Lucknow, April 27",Sandeep Sharma,4,0,31,2,7.75,7,3,0,1,0,
"44th Match (N), Lucknow, April 27",Avesh Khan,4,0,42,1,10.50,7,2,2,1,1,
"44th Match (N), Lucknow, April 27",Ravichandran Ashwin,4,0,39,1,9.75,6,4,0,2,0,
"44th Match (N), Lucknow, April 27",Yuzvendra Chahal,4,0,41,0,10.25,3,5,0,1,0,
"44th Match (N), Lucknow, April 27",Matt Henry,3,0,32,0,10.66,7,3,2,0,0,
"44th Match (N), Lucknow, April 27",Mohsin Khan,4,0,52,0,13.00,5,5,3,0,0,
"44th Match (N), Lucknow, April 27",Yash Thakur,4,0,50,1,12.50,4,7,1,2,0,
"44th Match (N), Lucknow, April 27",Marcus Stoinis,1,0,3,1,3.00,3,0,0,0,0,
"44th Match (N), Lucknow, April 27",Krunal Pandya,4,0,24,0,6.00,5,1,0,0,0,
"44th Match (N), Lucknow, April 27",Amit Mishra,2,0,20,1,10.00,5,1,2,0,0,
"44th Match (N), Lucknow, April 27",Ravi Bishnoi,1,0,16,0,16.00,1,2,1,0,0,
"45th Match (D/N), Ahmedabad, April 28",Swapnil Singh,3,0,23,1,7.66,5,3,0,0,0,
"45th Match (D/N), Ahmedabad, April 28",Mohammed Siraj,4,0,34,1,8.50,9,3,1,4,0,
"45th Match (D/N), Ahmedabad, April 28",Yash Dayal,4,0,34,0,8.50,9,2,1,3,1,
"45th Match (D/N), Ahmedabad, April 28",Glenn Maxwell,3,0,28,1,9.33,5,1,2,0,0,
"45th Match (D/N), Ahmedabad, April 28",Karn Sharma,3,0,38,0,12.66,4,1,4,1,0,
"45th Match (D/N), Ahmedabad, April 28",Cameron Green,3,0,42,0,14.00,2,5,2,1,0,
"45th Match (D/N), Ahmedabad, April 28",Azmatullah Omarzai,2,0,18,0,9.00,7,1,2,0,0,
"45th Match (D/N), Ahmedabad, April 28",Sandeep Warrier,1,0,15,0,15.00,1,1,1,2,0,
"45th Match (D/N), Ahmedabad, April 28",Sai Kishore,3,0,30,1,10.00,4,0,3,0,0,
"45th Match (D/N), Ahmedabad, April 28",Rashid Khan,4,0,51,0,12.75,4,3,4,0,0,
"45th Match (D/N), Ahmedabad, April 28",Noor Ahmad,4,0,43,0,10.75,6,4,2,1,0,
"45th Match (D/N), Ahmedabad, April 28",Mohit Sharma,2,0,41,0,20.50,3,3,4,0,1,
"46th Match (N), Chennai, April 28",Bhuvneshwar Kumar,4,0,38,1,9.50,7,5,1,0,0,
"46th Match (N), Chennai, April 28",Nitish Kumar Reddy,1,0,8,0,8.00,2,1,0,1,0,
"46th Match (N), Chennai, April 28",Shahbaz Ahmed,3,0,33,0,11.00,3,5,0,0,0,
"46th Match (N), Chennai, April 28",T Natarajan,4,0,43,1,10.75,8,3,3,3,0,
"46th Match (N), Chennai, April 28",Jaydev Unadkat,4,0,38,1,9.50,3,2,1,1,0,
"46th Match (N), Chennai, April 28",Pat Cummins,4,0,49,0,12.25,4,4,3,1,0,
"46th Match (N), Chennai, April 28",Deepak Chahar,3,0,22,0,7.33,5,3,0,0,0,
"46th Match (N), Chennai, April 28",Tushar Deshpande,3,0,27,4,9.00,6,1,2,0,0,
"46th Match (N), Chennai, April 28",Mustafizur Rahman,2.5,0,19,2,6.70,6,2,0,0,0,
"46th Match (N), Chennai, April 28",Ravindra Jadeja,4,0,22,1,5.50,8,0,1,0,0,
"46th Match (N), Chennai, April 28",Shardul Thakur,4,0,27,1,6.75,8,3,0,0,1,
"46th Match (N), Chennai, April 28",Matheesha Pathirana,2,0,17,2,8.50,3,0,1,2,0,
"47th Match (N), Eden Gardens, April 29",Mitchell Starc,3,0,43,1,14.33,6,5,2,2,0,
"47th Match (N), Eden Gardens, April 29",Vaibhav Arora,4,0,29,2,7.25,15,4,1,2,1,
"47th Match (N), Eden Gardens, April 29",Harshit Rana,4,0,28,2,7.00,11,3,1,1,0,
"47th Match (N), Eden Gardens, April 29",Sunil Narine,4,0,24,1,6.00,9,1,1,0,0,
"47th Match (N), Eden Gardens, April 29",Varun Chakravarthy,4,0,16,3,4.00,13,1,0,0,0,
"47th Match (N), Eden Gardens, April 29",Andre Russell,1,0,10,0,10.00,3,2,0,0,0,
"47th Match (N), Eden Gardens, April 29",Lizaad Williams,3,0,38,1,12.66,7,3,3,1,1,
"47th Match (N), Eden Gardens, April 29",Khaleel Ahmed,3,0,28,0,9.33,9,4,1,0,0,
"47th Match (N), Eden Gardens, April 29",Rasikh Salam,2.3,0,30,0,12.00,3,4,1,0,0,
"47th Match (N), Eden Gardens, April 29",Axar Patel,4,0,25,2,6.25,10,3,0,0,0,
"47th Match (N), Eden Gardens, April 29",Kuldeep Yadav,4,0,34,0,8.50,8,2,2,0,0,
"48th Match (N), Lucknow, April 30",Marcus Stoinis,3,0,19,1,6.33,10,1,1,1,0,
"48th Match (N), Lucknow, April 30",Mohsin Khan,4,0,36,2,9.00,10,4,1,0,0,
"48th Match (N), Lucknow, April 30",Naveen-ul-Haq,3.5,0,15,1,3.91,11,0,0,0,1,
"48th Match (N), Lucknow, April 30",Mayank Yadav,3.1,0,31,1,9.78,11,3,2,2,1,
"48th Match (N), Lucknow, April 30",Ravi Bishnoi,4,0,28,1,7.00,8,3,0,1,0,
"48th Match (N), Lucknow, April 30",Deepak Hooda,2,0,13,0,6.50,3,1,0,0,0,
"48th Match (N), Lucknow, April 30",Nuwan Thushara,4,0,30,1,7.50,11,3,1,2,0,
"48th Match (N), Lucknow, April 30",Jasprit Bumrah,4,0,17,0,4.25,16,1,1,0,0,
"48th Match (N), Lucknow, April 30",Gerald Coetzee,3,0,29,1,9.66,6,4,0,3,0,
"48th Match (N), Lucknow, April 30",Piyush Chawla,3,0,23,0,7.66,5,3,0,0,0,
"48th Match (N), Lucknow, April 30",Hardik Pandya,4,0,26,2,6.50,8,2,0,1,0,
"48th Match (N), Lucknow, April 30",Mohammad Nabi,1.2,0,16,1,12.00,1,1,1,0,0,
"49th Match (N), Chennai, May 01",Kagiso Rabada,4,0,23,1,5.75,9,2,0,1,0,
"49th Match (N), Chennai, May 01",Arshdeep Singh,4,0,52,1,13.00,8,7,2,5,0,
"49th Match (N), Chennai, May 01",Sam Curran,3,0,37,0,12.33,6,4,2,0,1,
"49th Match (N), Chennai, May 01",Harpreet Brar,4,0,17,2,4.25,10,0,0,1,0,
"49th Match (N), Chennai, May 01",Rahul Chahar,4,0,16,2,4.00,9,0,0,0,0,
"49th Match (N), Chennai, May 01",Harshal Patel,1,0,12,0,12.00,0,0,0,1,0,
"49th Match (N), Chennai, May 01",Deepak Chahar,0.2,0,4,0,12.00,1,1,0,0,0,
"49th Match (N), Chennai, May 01",Shardul Thakur,3.4,0,48,1,13.09,3,5,2,1,1,
"49th Match (N), Chennai, May 01",Richard Gleeson,3.5,0,30,1,7.82,10,4,0,1,1,
"49th Match (N), Chennai, May 01",Mustafizur Rahman,4,1,22,0,5.50,14,2,0,5,0,
"49th Match (N), Chennai, May 01",Ravindra Jadeja,3,0,22,0,7.33,6,3,0,0,0,
"49th Match (N), Chennai, May 01",Moeen Ali,2,0,22,0,11.00,4,1,2,0,0,
"49th Match (N), Chennai, May 01",Shivam Dube,1,0,14,1,14.00,1,1,1,0,0,
"50th Match (N), Hyderabad, May 02",Trent Boult,4,0,33,0,8.25,8,5,0,1,0,
"50th Match (N), Hyderabad, May 02",Ravichandran Ashwin,4,0,36,0,9.00,10,0,4,1,0,
"50th Match (N), Hyderabad, May 02",Avesh Khan,4,0,39,2,9.75,12,3,3,3,0,
"50th Match (N), Hyderabad, May 02",Sandeep Sharma,4,0,31,1,7.75,10,1,2,2,0,
"50th Match (N), Hyderabad, May 02",Yuzvendra Chahal,4,0,62,0,15.50,6,4,6,1,0,
"50th Match (N), Hyderabad, May 02",Bhuvneshwar Kumar,4,0,41,3,10.25,8,4,2,0,0,
"50th Match (N), Hyderabad, May 02",Marco Jansen,4,0,44,0,11.00,10,7,0,3,2,
"50th Match (N), Hyderabad, May 02",Pat Cummins,4,0,34,2,8.50,12,2,3,0,0,
"50th Match (N), Hyderabad, May 02",T Natarajan,4,0,35,2,8.75,8,2,2,3,0,
"50th Match (N), Hyderabad, May 02",Jaydev Unadkat,2,0,23,0,11.50,2,1,1,2,0,
"50th Match (N), Hyderabad, May 02",Nitish Kumar Reddy,1,0,12,0,12.00,1,1,0,2,0,
"50th Match (N), Hyderabad, May 02",Shahbaz Ahmed,1,0,11,0,11.00,2,2,0,0,0,
"51st Match (N), Wankhede, May 03",Nuwan Thushara,4,0,42,3,10.50,11,3,3,3,1,
"51st Match (N), Wankhede, May 03",Jasprit Bumrah,3.5,0,18,3,4.69,15,1,1,0,0,
"51st Match (N), Wankhede, May 03",Gerald Coetzee,2,0,24,0,12.00,3,3,1,0,0,
"51st Match (N), Wankhede, May 03",Hardik Pandya,4,0,44,2,11.00,9,2,4,1,0,
"51st Match (N), Wankhede, May 03",Naman Dhir,3,0,25,0,8.33,3,2,0,1,0,
"51st Match (N), Wankhede, May 03",Piyush Chawla,3,0,15,1,5.00,8,1,0,0,0,
"51st Match (N), Wankhede, May 03",Vaibhav Arora,3,0,35,0,11.66,5,5,1,1,1,
"51st Match (N), Wankhede, May 03",Mitchell Starc,3.5,0,33,4,8.60,12,1,3,1,0,
"51st Match (N), Wankhede, May 03",Varun Chakravarthy,4,0,22,2,5.50,11,2,0,0,0,
"51st Match (N), Wankhede, May 03",Sunil Narine,4,0,22,2,5.50,11,2,0,1,0,
"51st Match (N), Wankhede, May 03",Andre Russell,4,0,30,2,7.50,11,1,2,1,0,
"52nd Match (N), Bengaluru, May 04",Swapnil Singh,1,0,1,0,1.00,5,0,0,0,0,
"52nd Match (N), Bengaluru, May 04",Mohammed Siraj,4,0,29,2,7.25,13,5,0,3,0,
"52nd Match (N), Bengaluru, May 04",Yash Dayal,4,0,21,2,5.25,11,2,0,0,0,
"52nd Match (N), Bengaluru, May 04",Cameron Green,4,0,28,1,7.00,11,3,1,0,0,
"52nd Match (N), Bengaluru, May 04",Vijaykumar Vyshak,3.3,0,23,2,6.57,10,2,1,1,0,
"52nd Match (N), Bengaluru, May 04",Karn Sharma,3,0,42,1,14.00,6,5,3,0,0,
"52nd Match (N), Bengaluru, May 04",Mohit Sharma,2,0,32,0,16.00,2,4,2,0,0,
"52nd Match (N), Bengaluru, May 04",Josh Little,4,0,45,4,11.25,9,6,2,1,0,
"52nd Match (N), Bengaluru, May 04",Manav Suthar,2,0,26,0,13.00,4,1,3,0,0,
"52nd Match (N), Bengaluru, May 04",Noor Ahmad,4,0,23,2,5.75,13,4,0,0,0,
"52nd Match (N), Bengaluru, May 04",Rashid Khan,1.4,0,25,0,15.00,1,3,1,0,0,
"53rd Match (D/N), Dharamsala, May 05",Kagiso Rabada,3,0,24,0,8.00,7,3,0,1,0,
"53rd Match (D/N), Dharamsala, May 05",Arshdeep Singh,4,0,42,2,10.50,7,4,2,1,0,
"53rd Match (D/N), Dharamsala, May 05",Sam Curran,4,0,34,1,8.50,3,2,1,0,0,
"53rd Match (D/N), Dharamsala, May 05",Harpreet Brar,1,0,19,0,19.00,1,3,1,0,0,
"53rd Match (D/N), Dharamsala, May 05",Rahul Chahar,4,0,23,3,5.75,10,1,1,1,0,
"53rd Match (D/N), Dharamsala, May 05",Harshal Patel,4,0,24,3,6.00,10,2,0,2,0,
"53rd Match (D/N), Dharamsala, May 05",Mitchell Santner,3,0,10,1,3.33,11,1,0,0,0,
"53rd Match (D/N), Dharamsala, May 05",Tushar Deshpande,4,0,35,2,8.75,11,5,1,1,0,
"53rd Match (D/N), Dharamsala, May 05",Richard Gleeson,4,0,41,0,10.25,10,3,3,2,0,
"53rd Match (D/N), Dharamsala, May 05",Ravindra Jadeja,4,0,20,3,5.00,9,1,0,0,0,
"53rd Match (D/N), Dharamsala, May 05",Simarjeet Singh,3,0,16,2,5.33,11,1,1,0,0,
"53rd Match (D/N), Dharamsala, May 05",Shardul Thakur,2,0,12,1,6.00,4,1,0,1,0,
"54th Match (N), Lucknow, May 05",Marcus Stoinis,2,0,29,0,14.50,4,2,3,0,0,
"54th Match (N), Lucknow, May 05",Mohsin Khan,2,0,28,0,14.00,4,3,2,1,0,
"54th Match (N), Lucknow, May 05",Naveen-ul-Haq,4,0,49,3,12.25,7,9,0,1,0,
"54th Match (N), Lucknow, May 05",Yash Thakur,4,0,46,1,11.50,7,3,3,3,0,
"54th Match (N), Lucknow, May 05",Krunal Pandya,2,0,26,0,13.00,2,0,2,2,0,
"54th Match (N), Lucknow, May 05",Ravi Bishnoi,4,0,33,1,8.25,8,3,1,2,0,
"54th Match (N), Lucknow, May 05",Yudhvir Singh,2,0,24,1,12.00,2,1,2,0,0,
"54th Match (N), Lucknow, May 05",Vaibhav Arora,2,0,21,0,10.50,4,2,1,1,0,
"54th Match (N), Lucknow, May 05",Mitchell Starc,2,0,22,1,11.00,5,5,0,0,0,
"54th Match (N), Lucknow, May 05",Sunil Narine,4,0,22,1,5.50,8,1,0,1,0,
"54th Match (N), Lucknow, May 05",Harshit Rana,3.1,0,24,3,7.57,8,2,1,1,0,
"54th Match (N), Lucknow, May 05",Varun Chakravarthy,3,0,30,3,10.00,8,0,4,0,0,
"54th Match (N), Lucknow, May 05",Andre Russell,2,0,17,2,8.50,4,0,1,3,0,
"55th Match (N), Wankhede, May 06",Nuwan Thushara,4,0,42,0,10.50,7,3,1,3,1,
"55th Match (N), Wankhede, May 06",Anshul Kamboj,4,0,42,1,10.50,9,3,2,1,2,
"55th Match (N), Wankhede, May 06",Jasprit Bumrah,4,0,23,1,5.75,9,2,0,1,0,
"55th Match (N), Wankhede, May 06",Hardik Pandya,4,0,31,3,7.75,7,4,0,1,0,
"55th Match (N), Wankhede, May 06",Piyush Chawla,4,0,33,3,8.25,7,1,2,2,0,
"55th Match (N), Wankhede, May 06",Bhuvneshwar Kumar,4,1,22,1,5.50,17,3,1,1,0,
"55th Match (N), Wankhede, May 06",Marco Jansen,3,0,45,1,15.00,5,5,2,2,0,
"55th Match (N), Wankhede, May 06",Pat Cummins,4,1,35,1,8.75,12,4,2,1,0,
"55th Match (N), Wankhede, May 06",T Natarajan,3.2,0,31,0,9.30,8,4,1,0,0,
"55th Match (N), Wankhede, May 06",Nitish Kumar Reddy,2,0,16,0,8.00,5,3,0,0,0,
"55th Match (N), Wankhede, May 06",Shahbaz Ahmed,1,0,11,0,11.00,1,2,0,0,0,
"56th Match (N), Delhi, May 07",Trent Boult,4,0,48,1,12.00,8,7,2,0,0,
"56th Match (N), Delhi, May 07",Sandeep Sharma,4,0,42,1,10.50,7,5,2,0,0,
"56th Match (N), Delhi, May 07",Avesh Khan,2,0,42,0,21.00,0,5,3,0,0,
"56th Match (N), Delhi, May 07",Ravichandran Ashwin,4,0,24,3,6.00,6,0,1,0,0,
"56th Match (N), Delhi, May 07",Riyan Parag,2,0,17,0,8.50,4,1,1,1,0,
"56th Match (N), Delhi, May 07",Yuzvendra Chahal,4,0,48,1,12.00,5,4,3,0,0,
"56th Match (N), Delhi, May 07",Khaleel Ahmed,4,0,47,2,11.75,9,5,2,7,0,
"56th Match (N), Delhi, May 07",Ishant Sharma,3,0,34,0,11.33,7,4,2,1,0,
"56th Match (N), Delhi, May 07",Mukesh Kumar,3,0,30,2,10.00,7,4,1,1,0,
"56th Match (N), Delhi, May 07",Axar Patel,3,0,25,1,8.33,9,2,2,0,0,
"56th Match (N), Delhi, May 07",Kuldeep Yadav,4,0,25,2,6.25,10,0,2,0,1,
"56th Match (N), Delhi, May 07",Rasikh Salam,3,0,36,1,12.00,6,1,4,1,0,
"57th Match (N), Hyderabad, May 08",Bhuvneshwar Kumar,4,0,12,2,3.00,12,0,0,0,0,
"57th Match (N), Hyderabad, May 08",Pat Cummins,4,0,47,1,11.75,5,6,1,0,0,
"57th Match (N), Hyderabad, May 08",Shahbaz Ahmed,2,0,9,0,4.50,4,0,0,0,0,
"57th Match (N), Hyderabad, May 08",Vijayakanth Viyaskanth,4,0,27,0,6.75,8,2,1,0,0,
"57th Match (N), Hyderabad, May 08",Jaydev Unadkat,2,0,19,0,9.50,4,0,2,0,0,
"57th Match (N), Hyderabad, May 08",T Natarajan,4,0,50,0,12.50,4,8,0,3,0,
"57th Match (N), Hyderabad, May 08",Krishnappa Gowtham,2,0,29,0,14.50,5,2,3,1,0,
"57th Match (N), Hyderabad, May 08",Yash Thakur,2.4,0,47,0,17.62,4,6,3,1,0,
"57th Match (N), Hyderabad, May 08",Ravi Bishnoi,2,0,34,0,17.00,4,2,4,0,0,
"57th Match (N), Hyderabad, May 08",Naveen-ul-Haq,2,0,37,0,18.50,1,5,2,0,0,
"57th Match (N), Hyderabad, May 08",Ayush Badoni,1,0,19,0,19.00,0,1,2,0,0,
"58th Match (N), Dharamsala, May 09",Vidwath Kaverappa,4,0,36,2,9.00,11,2,3,0,0,
"58th Match (N), Dharamsala, May 09",Arshdeep Singh,3,0,41,1,13.66,5,3,3,2,0,
"58th Match (N), Dharamsala, May 09",Sam Curran,3,0,50,1,16.66,2,4,4,2,0,
"58th Match (N), Dharamsala, May 09",Harshal Patel,4,0,38,3,9.50,7,5,1,1,0,
"58th Match (N), Dharamsala, May 09",Rahul Chahar,3,0,47,0,15.66,5,3,4,0,1,
"58th Match (N), Dharamsala, May 09",Liam Livingstone,3,0,28,0,9.33,4,2,1,1,0,
"58th Match (N), Dharamsala, May 09",Swapnil Singh,3,0,28,2,9.33,7,5,0,0,0,
"58th Match (N), Dharamsala, May 09",Mohammed Siraj,4,0,43,3,10.75,9,5,2,2,0,
"58th Match (N), Dharamsala, May 09",Yash Dayal,2,0,22,0,11.00,5,3,1,1,0,
"58th Match (N), Dharamsala, May 09",Lockie Ferguson,3,0,29,2,9.66,6,5,0,0,0,
"58th Match (N), Dharamsala, May 09",Will Jacks,1,0,5,0,5.00,1,0,0,0,0,
"58th Match (N), Dharamsala, May 09",Cameron Green,1,0,16,0,16.00,1,2,1,0,0,
"58th Match (N), Dharamsala, May 09",Karn Sharma,3,0,36,2,12.00,7,3,3,0,0,
"59th Match (N), Ahmedabad, May 10",Mitchell Santner,2,0,31,0,15.50,2,3,2,0,0,
"59th Match (N), Ahmedabad, May 10",Tushar Deshpande,4,0,33,2,8.25,6,2,1,2,0,
"59th Match (N), Ahmedabad, May 10",Shardul Thakur,4,0,25,0,6.25,10,1,1,0,0,
"59th Match (N), Ahmedabad, May 10",Simarjeet Singh,4,0,60,0,15.00,4,3,5,2,0,
"59th Match (N), Ahmedabad, May 10",Ravindra Jadeja,2,0,29,0,14.50,0,2,1,0,0,
"59th Match (N), Ahmedabad, May 10",Daryl Mitchell,4,0,52,0,13.00,2,4,3,1,0,
"59th Match (N), Ahmedabad, May 10",Umesh Yadav,3,0,20,1,6.66,8,3,0,0,0,
"59th Match (N), Ahmedabad, May 10",Sandeep Warrier,3,0,28,1,9.33,8,1,3,0,0,
"59th Match (N), Ahmedabad, May 10",Kartik Tyagi,4,0,51,0,12.75,5,6,2,2,0,
"59th Match (N), Ahmedabad, May 10",Noor Ahmad,2,0,25,0,12.50,3,0,3,0,0,
"59th Match (N), Ahmedabad, May 10",Rashid Khan,4,0,38,2,9.50,10,3,3,0,0,
"59th Match (N), Ahmedabad, May 10",Mohit Sharma,4,0,31,3,7.75,10,3,1,2,0,
"60th Match (N), Eden Gardens, May 11",Nuwan Thushara,3,0,31,1,10.33,6,2,2,2,0,
"60th Match (N), Eden Gardens, May 11",Jasprit Bumrah,4,0,39,2,9.75,10,5,2,0,0,
"60th Match (N), Eden Gardens, May 11",Anshul Kamboj,3,0,24,1,8.00,7,2,1,1,0,
"60th Match (N), Eden Gardens, May 11",Hardik Pandya,3,0,32,0,10.66,6,3,2,0,0,
"60th Match (N), Eden Gardens, May 11",Piyush Chawla,3,0,28,2,9.33,7,2,2,0,0,
"60th Match (N), Eden Gardens, May 11",Vaibhav Arora,2,0,16,0,8.00,7,1,1,1,1,
"60th Match (N), Eden Gardens, May 11",Mitchell Starc,1,0,11,0,11.00,2,2,0,0,0,
"60th Match (N), Eden Gardens, May 11",Harshit Rana,3,0,34,2,11.33,7,4,2,1,0,
"60th Match (N), Eden Gardens, May 11",Sunil Narine,3,0,21,1,7.00,10,2,1,0,0,
"60th Match (N), Eden Gardens, May 11",Varun Chakravarthy,4,0,17,2,4.25,12,1,0,1,0,
"60th Match (N), Eden Gardens, May 11",Andre Russell,3,0,34,2,11.33,5,3,2,2,0,
"61st Match (D/N), Chennai, May 12",Tushar Deshpande,4,0,30,2,7.50,10,1,2,0,0,
"61st Match (D/N), Chennai, May 12",Maheesh Theekshana,4,0,28,0,7.00,9,2,1,0,0,
"61st Match (D/N), Chennai, May 12",Shardul Thakur,4,0,32,0,8.00,6,2,1,0,0,
"61st Match (D/N), Chennai, May 12",Simarjeet Singh,4,0,26,3,6.50,13,2,1,4,0,
"61st Match (D/N), Chennai, May 12",Ravindra Jadeja,4,0,24,0,6.00,7,0,1,0,0,
"61st Match (D/N), Chennai, May 12",Trent Boult,2.2,0,24,0,10.28,6,3,1,1,0,
"61st Match (D/N), Chennai, May 12",Sandeep Sharma,3,0,30,0,10.00,5,3,1,1,0,
"61st Match (D/N), Chennai, May 12",Ravichandran Ashwin,4,0,35,2,8.75,8,4,1,1,0,
"61st Match (D/N), Chennai, May 12",Nandre Burger,3,0,21,1,7.00,7,0,2,0,0,
"61st Match (D/N), Chennai, May 12",Yuzvendra Chahal,4,0,22,1,5.50,8,1,0,1,0,
"61st Match (D/N), Chennai, May 12",Avesh Khan,2,0,12,0,6.00,3,0,0,1,0,
"62nd Match (N), Bengaluru, May 12",Ishant Sharma,3,0,31,1,10.33,5,1,2,3,0,
"62nd Match (N), Bengaluru, May 12",Khaleel Ahmed,4,0,31,2,7.75,9,3,1,0,0,
"62nd Match (N), Bengaluru, May 12",Mukesh Kumar,3,0,23,1,7.66,9,4,0,0,0,
"62nd Match (N), Bengaluru, May 12",Axar Patel,3,0,24,0,8.00,5,0,2,0,0,
"62nd Match (N), Bengaluru, May 12",Kuldeep Yadav,4,0,52,1,13.00,6,0,6,1,0,
"62nd Match (N), Bengaluru, May 12",Rasikh Salam,3,0,23,2,7.66,5,2,0,3,0,
"62nd Match (N), Bengaluru, May 12",Swapnil Singh,1,0,9,1,9.00,2,0,1,0,0,
"62nd Match (N), Bengaluru, May 12",Mohammed Siraj,4,0,33,1,8.25,13,4,1,2,0,
"62nd Match (N), Bengaluru, May 12",Yash Dayal,3.1,0,20,3,6.31,12,4,0,1,0,
"62nd Match (N), Bengaluru, May 12",Karn Sharma,2,0,19,0,9.50,2,1,1,0,0,
"62nd Match (N), Bengaluru, May 12",Lockie Ferguson,4,0,23,2,5.75,9,2,0,0,0,
"62nd Match (N), Bengaluru, May 12",Cameron Green,4,0,19,1,4.75,12,1,0,2,0,
"62nd Match (N), Bengaluru, May 12",Will Jacks,1,0,16,0,16.00,0,0,2,0,0,
"64th Match (N), Delhi, May 14",Arshad Khan,3,0,45,1,15.00,5,5,2,5,0,
"64th Match (N), Delhi, May 14",Mohsin Khan,4,0,29,0,7.25,11,2,2,0,0,
"64th Match (N), Delhi, May 14",Yudhvir Singh,2,0,28,0,14.00,3,3,1,0,0,
"64th Match (N), Delhi, May 14",Naveen-ul-Haq,4,0,51,2,12.75,6,3,4,1,0,
"64th Match (N), Delhi, May 14",Ravi Bishnoi,4,0,26,1,6.50,9,1,1,0,0,
"64th Match (N), Delhi, May 14",Krunal Pandya,2,0,20,0,10.00,3,3,0,1,0,
"64th Match (N), Delhi, May 14",Deepak Hooda,1,0,9,0,9.00,1,1,0,1,0,
"64th Match (N), Delhi, May 14",Ishant Sharma,4,0,34,3,8.50,10,4,1,2,0,
"64th Match (N), Delhi, May 14",Khaleel Ahmed,2,0,22,1,11.00,7,2,2,1,0,
"64th Match (N), Delhi, May 14",Axar Patel,1,0,20,1,20.00,2,2,2,0,0,
"64th Match (N), Delhi, May 14",Mukesh Kumar,4,0,33,1,8.25,9,3,1,2,0,
"64th Match (N), Delhi, May 14",Kuldeep Yadav,4,0,33,1,8.25,9,2,2,0,0,
"64th Match (N), Delhi, May 14",Tristan Stubbs,1,0,4,1,4.00,3,0,0,0,0,
"64th Match (N), Delhi, May 14",Gulbadin Naib,1,0,12,0,12.00,1,2,0,0,0,
"64th Match (N), Delhi, May 14",Rasikh Salam,3,0,30,0,10.00,5,1,2,0,0,
"65th Match (N), Guwahati, May 15",Sam Curran,3,0,24,2,8.00,11,4,1,0,0,
"65th Match (N), Guwahati, May 15",Arshdeep Singh,4,0,31,1,7.75,12,6,0,0,0,
"65th Match (N), Guwahati, May 15",Nathan Ellis,4,0,24,1,6.00,10,3,0,0,0,
"65th Match (N), Guwahati, May 15",Harshal Patel,4,0,28,2,7.00,8,2,0,1,0,
"65th Match (N), Guwahati, May 15",Rahul Chahar,4,0,26,2,6.50,9,2,1,0,0,
"65th Match (N), Guwahati, May 15",Harpreet Brar,1,0,10,0,10.00,1,1,0,0,0,
"65th Match (N), Guwahati, May 15",Trent Boult,3,0,27,1,9.00,7,5,0,0,0,
"65th Match (N), Guwahati, May 15",Sandeep Sharma,4,0,28,0,7.00,11,3,1,0,0,
"65th Match (N), Guwahati, May 15",Avesh Khan,3.5,0,28,2,7.30,9,1,2,0,0,
"65th Match (N), Guwahati, May 15",Ravichandran Ashwin,4,0,31,0,7.75,11,1,3,0,0,
"65th Match (N), Guwahati, May 15",Yuzvendra Chahal,4,0,31,2,7.75,5,3,0,1,0,
"67th Match (N), Wankhede, May 17",Nuwan Thushara,4,0,28,3,7.00,11,4,0,2,0,
"67th Match (N), Wankhede, May 17",Arjun Tendulkar,2.2,0,22,0,9.42,7,1,2,1,0,
"67th Match (N), Wankhede, May 17",Anshul Kamboj,3,0,48,0,16.00,4,5,3,4,0,
"67th Match (N), Wankhede, May 17",Piyush Chawla,4,0,29,3,7.25,10,0,3,0,0,
"67th Match (N), Wankhede, May 17",Nehal Wadhera,2,0,13,0,6.50,2,1,0,0,0,
"67th Match (N), Wankhede, May 17",Hardik Pandya,2,0,27,0,13.50,1,1,2,0,0,
"67th Match (N), Wankhede, May 17",Naman Dhir,0.4,0,17,0,25.50,0,1,2,0,0,
"67th Match (N), Wankhede, May 17",Romario Shepherd,2,0,30,0,15.00,5,3,2,3,0,
"67th Match (N), Wankhede, May 17",Arshad Khan,2,0,11,0,5.50,7,1,0,2,0,
"67th Match (N), Wankhede, May 17",Matt Henry,2,0,24,0,12.00,4,1,2,2,0,
"67th Match (N), Wankhede, May 17",Krunal Pandya,4,0,29,1,7.25,10,1,2,1,0,
"67th Match (N), Wankhede, May 17",Mohsin Khan,4,0,45,1,11.25,9,4,3,2,0,
"67th Match (N), Wankhede, May 17",Naveen-ul-Haq,4,0,50,2,12.50,8,5,3,1,1,
"67th Match (N), Wankhede, May 17",Ravi Bishnoi,4,0,37,2,9.25,9,5,1,0,0,
"68th Match (N), Bengaluru, May 18",Tushar Deshpande,4,0,49,1,12.25,10,2,5,4,0,
"68th Match (N), Bengaluru, May 18",Shardul Thakur,4,0,61,2,15.25,5,5,5,0,0,
"68th Match (N), Bengaluru, May 18",Maheesh Theekshana,4,0,25,0,6.25,11,2,1,1,0,
"68th Match (N), Bengaluru, May 18",Mitchell Santner,4,0,23,1,5.75,10,1,1,0,0,
"68th Match (N), Bengaluru, May 18",Ravindra Jadeja,3,0,40,0,13.33,2,2,3,0,0,
"68th Match (N), Bengaluru, May 18",Simarjeet Singh,1,0,19,0,19.00,0,2,1,2,0,
"68th Match (N), Bengaluru, May 18",Glenn Maxwell,4,0,25,1,6.25,7,1,0,1,0,
"68th Match (N), Bengaluru, May 18",Mohammed Siraj,4,0,35,1,8.75,7,3,1,1,0,
"68th Match (N), Bengaluru, May 18",Yash Dayal,4,0,42,2,10.50,9,4,3,0,0,
"68th Match (N), Bengaluru, May 18",Swapnil Singh,2,0,13,0,6.50,1,0,0,1,0,
"68th Match (N), Bengaluru, May 18",Karn Sharma,1,0,14,0,14.00,0,1,1,0,0,
"68th Match (N), Bengaluru, May 18",Lockie Ferguson,3,0,39,1,13.00,6,3,3,0,2,
"68th Match (N), Bengaluru, May 18",Cameron Green,2,0,18,1,9.00,3,2,0,1,0,
"69th Match (D/N), Hyderabad, May 19",Bhuvneshwar Kumar,4,0,36,0,9.00,8,4,1,0,0,
"69th Match (D/N), Hyderabad, May 19",Pat Cummins,4,0,36,1,9.00,7,4,1,0,0,
"69th Match (D/N), Hyderabad, May 19",T Natarajan,4,0,33,2,8.25,8,3,1,2,0,
"69th Match (D/N), Hyderabad, May 19",Vijayakanth Viyaskanth,4,0,37,1,9.25,10,2,3,0,0,
"69th Match (D/N), Hyderabad, May 19",Shahbaz Ahmed,1,0,13,0,13.00,1,1,1,0,0,
"69th Match (D/N), Hyderabad, May 19",Nitish Kumar Reddy,3,0,54,0,18.00,2,3,5,2,1,
"69th Match (D/N), Hyderabad, May 19",Arshdeep Singh,4,0,37,2,9.25,10,5,1,1,0,
"69th Match (D/N), Hyderabad, May 19",Rishi Dhawan,3,0,35,0,11.66,5,2,3,1,0,
"69th Match (D/N), Hyderabad, May 19",Harshal Patel,4,0,49,2,12.25,6,5,2,2,1,
"69th Match (D/N), Hyderabad, May 19",Rahul Chahar,4,0,43,0,10.75,6,1,4,1,0,
"69th Match (D/N), Hyderabad, May 19",Harpreet Brar,3,0,36,1,12.00,7,0,4,1,0,
"69th Match (D/N), Hyderabad, May 19",Shashank Singh,1,0,5,1,5.00,1,0,0,0,0,
"69th Match (D/N), Hyderabad, May 19",Atharva Taide,0.1,0,4,0,24.00,0,1,0,0,0,
"Qualifier 1 (N), Ahmedabad, May 21",Mitchell Starc,4,0,34,3,8.50,11,5,1,1,0,
"Qualifier 1 (N), Ahmedabad, May 21",Vaibhav Arora,2,0,17,1,8.50,5,1,0,2,1,
"Qualifier 1 (N), Ahmedabad, May 21",Harshit Rana,4,0,27,1,6.75,9,2,1,1,0,
"Qualifier 1 (N), Ahmedabad, May 21",Sunil Narine,4,0,40,1,10.00,7,2,3,0,0,
"Qualifier 1 (N), Ahmedabad, May 21",Andre Russell,1.3,0,15,1,10.00,2,2,0,0,0,
"Qualifier 1 (N), Ahmedabad, May 21",Varun Chakravarthy,4,0,26,2,6.50,9,1,1,1,1,
"Qualifier 1 (N), Ahmedabad, May 21",Bhuvneshwar Kumar,3,0,28,0,9.33,9,4,1,0,0,
"Qualifier 1 (N), Ahmedabad, May 21",Pat Cummins,3,0,38,1,12.66,6,5,2,1,0,
"Qualifier 1 (N), Ahmedabad, May 21",T Natarajan,3,0,22,1,7.33,11,3,1,1,0,
"Qualifier 1 (N), Ahmedabad, May 21",Vijayakanth Viyaskanth,2,0,22,0,11.00,1,0,2,0,0,
"Qualifier 1 (N), Ahmedabad, May 21",Travis Head,1.4,0,32,0,19.20,2,3,3,0,0,
"Qualifier 1 (N), Ahmedabad, May 21",Nitish Kumar Reddy,1,0,13,0,13.00,1,1,1,0,0,
"Eliminator (N), Ahmedabad, May 22",,,,,,,,,,,,
"Eliminator (N), Ahmedabad, May 22",Trent Boult,4,0,16,1,4.00,14,1,0,0,0,
"Eliminator (N), Ahmedabad, May 22",Sandeep Sharma,4,0,48,1,12.00,3,5,2,0,0,
"Eliminator (N), Ahmedabad, May 22",Avesh Khan,4,0,44,3,11.00,6,5,2,0,0,
"Eliminator (N), Ahmedabad, May 22",Ravichandran Ashwin,4,0,19,2,4.75,9,0,0,2,0,
"Eliminator (N), Ahmedabad, May 22",Yuzvendra Chahal,4,0,43,1,10.75,7,2,4,0,0,
"Eliminator (N), Ahmedabad, May 22",Swapnil Singh,2,0,19,0,9.50,4,2,1,0,0,
"Eliminator (N), Ahmedabad, May 22",Mohammed Siraj,4,0,33,2,8.25,7,4,0,3,0,
"Eliminator (N), Ahmedabad, May 22",Yash Dayal,3,0,37,0,12.33,5,8,0,0,0,
"Eliminator (N), Ahmedabad, May 22",Lockie Ferguson,4,0,37,1,9.25,9,3,2,0,0,
"Eliminator (N), Ahmedabad, May 22",Karn Sharma,2,0,19,1,9.50,1,2,0,2,0,
"Eliminator (N), Ahmedabad, May 22",Cameron Green,4,0,28,1,7.00,9,1,2,0,0,
"Qualifier 2 (N), Chennai, May 24",Trent Boult,4,0,45,3,11.25,7,3,3,2,0,
"Qualifier 2 (N), Chennai, May 24",Ravichandran Ashwin,4,0,43,0,10.75,4,3,2,0,0,
"Qualifier 2 (N), Chennai, May 24",Sandeep Sharma,4,0,25,2,6.25,10,3,0,1,0,
"Qualifier 2 (N), Chennai, May 24",Avesh Khan,4,0,27,3,6.75,11,2,1,2,0,
"Qualifier 2 (N), Chennai, May 24",Yuzvendra Chahal,4,0,34,0,8.50,9,0,3,2,0,
"Qualifier 2 (N), Chennai, May 24",Bhuvneshwar Kumar,3,0,33,0,11.00,7,4,2,0,0,
"Qualifier 2 (N), Chennai, May 24",Pat Cummins,4,0,30,1,7.50,10,3,1,1,0,
"Qualifier 2 (N), Chennai, May 24",T Natarajan,3,0,13,1,4.33,13,2,0,1,0,
"Qualifier 2 (N), Chennai, May 24",Jaydev Unadkat,1,0,5,0,5.00,2,0,0,1,0,
"Qualifier 2 (N), Chennai, May 24",Shahbaz Ahmed,4,0,23,3,5.75,13,2,1,0,0,
"Qualifier 2 (N), Chennai, May 24",Abhishek Sharma,4,0,24,2,6.00,8,2,0,0,0,
"Qualifier 2 (N), Chennai, May 24",Aiden Markram,1,0,10,0,10.00,2,0,1,0,1,
"Final (N), Chennai, May 26",Mitchell Starc,3,0,14,2,4.66,11,2,0,0,0,
"Final (N), Chennai, May 26",Vaibhav Arora,3,0,24,1,8.00,9,2,1,4,0,
"Final (N), Chennai, May 26",Harshit Rana,4,1,24,2,6.00,13,2,1,1,0,
"Final (N), Chennai, May 26",Sunil Narine,4,0,16,1,4.00,9,0,0,0,0,
"Final (N), Chennai, May 26",Andre Russell,2.3,0,19,3,7.60,7,1,1,1,0,
"Final (N), Chennai, May 26",Varun Chakravarthy,2,0,9,1,4.50,7,1,0,0,0,
"Final (N), Chennai, May 26",Bhuvneshwar Kumar,2,0,25,0,12.50,5,2,2,1,0,
"Final (N), Chennai, May 26",Pat Cummins,2,0,18,1,9.00,7,2,1,1,0,
"Final (N), Chennai, May 26",T Natarajan,2,0,29,0,14.50,2,4,1,2,0,
"Final (N), Chennai, May 26",Shahbaz Ahmed,2.3,0,22,1,8.80,7,1,2,0,0,
"Final (N), Chennai, May 26",Jaydev Unadkat,1,0,9,0,9.00,1,1,0,0,0,
"Final (N), Chennai, May 26",Aiden Markram,1,0,5,0,5.00,2,0,0,0,0,
