name,image,team,role
Ruturaj Gaikwad,https://documents.iplt20.com/ipl/IPLHeadshot2024/102.png,Chennai Super Kings,Batter
Devon Conway,https://documents.iplt20.com/ipl/IPLHeadshot2023/601.png,Chennai Super Kings,Batter
MS Dhoni,https://documents.iplt20.com/ipl/IPLHeadshot2024/57.png,Chennai Super Kings,Wicketkeeper Batter
Ajinkya Rahane,https://documents.iplt20.com/ipl/IPLHeadshot2024/44.png,Chennai Super Kings,Batter
Shaik Rasheed,https://documents.iplt20.com/ipl/IPLHeadshot2024/778.png,Chennai Super Kings,Batter
Sameer Rizvi,https://documents.iplt20.com/ipl/IPLHeadshot2024/1229.png,Chennai Super Kings,Batter
Avanish Rao Aravelly,https://documents.iplt20.com/ipl/IPLHeadshot2024/2794.png,Chennai Super Kings,Wicketkeeper Batter
Ravindra Jadeja,https://documents.iplt20.com/ipl/IPLHeadshot2024/46.png,Chennai Super Kings,All-rounder
Mitchell Santner,https://documents.iplt20.com/ipl/IPLHeadshot2024/75.png,Chennai Super Kings,All-rounder
Moeen Ali,https://documents.iplt20.com/ipl/IPLHeadshot2024/206.png,Chennai Super Kings,All-rounder
Shivam Dube,https://documents.iplt20.com/ipl/IPLHeadshot2024/211.png,Chennai Super Kings,All-rounder
Nishant Sindhu,https://documents.iplt20.com/ipl/IPLHeadshot2024/791.png,Chennai Super Kings,All-Rounder
Ajay Mandal,https://documents.iplt20.com/ipl/IPLHeadshot2024/1931.png,Chennai Super Kings,All-Rounder
Rachin Ravindra,https://documents.iplt20.com/ipl/IPLHeadshot2024/724.png,Chennai Super Kings,allRounder
Shardul Thakur,https://documents.iplt20.com/ipl/IPLHeadshot2024/105.png,Chennai Super Kings,allRounder
Daryl Mitchell,https://documents.iplt20.com/ipl/IPLHeadshot2024/83.png,Chennai Super Kings,All-rounder
Richard Gleeson,https://documents.iplt20.com/ipl/IPLHeadshot2024/1219.png,Chennai Super Kings,Bowler
Rajvardhan Hangargekar,https://documents.iplt20.com/ipl/IPLHeadshot2024/783.png,Chennai Super Kings,Bowler
Deepak Chahar,https://documents.iplt20.com/ipl/IPLHeadshot2024/91.png,Chennai Super Kings,Bowler
Maheesh Theekshana,https://documents.iplt20.com/ipl/IPLHeadshot2024/629.png,Chennai Super Kings,Bowler
Mukesh Choudhary,https://documents.iplt20.com/ipl/IPLHeadshot2024/970.png,Chennai Super Kings,Bowler
Mustafizur Rahman,https://documents.iplt20.com/ipl/IPLHeadshot2024/258.png,Chennai Super Kings,Bowler
Prashant Solanki,https://documents.iplt20.com/ipl/IPLHeadshot2024/972.png,Chennai Super Kings,Bowler
Simarjeet Singh,https://documents.iplt20.com/ipl/IPLHeadshot2024/622.png,Chennai Super Kings,Bowler
Tushar Deshpande,https://documents.iplt20.com/ipl/IPLHeadshot2024/539.png,Chennai Super Kings,Bowler
Matheesha Pathirana,https://documents.iplt20.com/ipl/IPLHeadshot2024/1014.png,Chennai Super Kings,Bowler
Rishabh Pant,https://documents.iplt20.com/ipl/IPLHeadshot2024/18.png,Delhi Capitals,Wicketkeeper Batter
David Warner,https://documents.iplt20.com/ipl/IPLHeadshot2024/214.png,Delhi Capitals,Batter
Prithvi Shaw,https://documents.iplt20.com/ipl/IPLHeadshot2024/51.png,Delhi Capitals,Batter
Yash Dhull,https://documents.iplt20.com/ipl/IPLHeadshot2024/777.png,Delhi Capitals,Batter
Jake Fraser-McGurk,https://documents.iplt20.com/ipl/IPLHeadshot2024/3115.png,Delhi Capitals,Bowler
Shai Hope,https://documents.iplt20.com/ipl/IPLHeadshot2024/268.png,Delhi Capitals,Batter
Swastik Chhikara,https://documents.iplt20.com/ipl/IPLHeadshot2024/3102.png,Delhi Capitals,Batter
Abishek Porel,https://documents.iplt20.com/ipl/IPLHeadshot2024/1580.png,Delhi Capitals,Wicketkeeper Batter
Harry Brook,https://www.iplt20.com/assets/images/default-headshot.png,Delhi Capitals,Batter
Ricky Bhui,https://documents.iplt20.com/ipl/IPLHeadshot2024/219.png,Delhi Capitals,Wicketkeeper Batter
Kumar Kushagra,https://documents.iplt20.com/ipl/IPLHeadshot2024/3101.png,Delhi Capitals,Wicketkeeper Batter
Tristan Stubbs,https://documents.iplt20.com/ipl/IPLHeadshot2024/1017.png,Delhi Capitals,Wicketkeeper Batter
Axar Patel,https://documents.iplt20.com/ipl/IPLHeadshot2024/110.png,Delhi Capitals,All-rounder
Lalit Yadav,https://documents.iplt20.com/ipl/IPLHeadshot2024/538.png,Delhi Capitals,All-Rounder
Mitchell Marsh,https://documents.iplt20.com/ipl/IPLHeadshot2024/40.png,Delhi Capitals,All-rounder
Gulbadin Naib,https://documents.iplt20.com/ipl/IPLHeadshot2024/234.png,Delhi Capitals,Batting Allrounder
Sumit Kumar,https://documents.iplt20.com/ipl/IPLHeadshot2024/1535.png,Delhi Capitals,allRounder
Pravin Dubey,https://documents.iplt20.com/ipl/IPLHeadshot2024/548.png,Delhi Capitals,Bowler
Vicky Ostwal,https://documents.iplt20.com/ipl/IPLHeadshot2024/786.png,Delhi Capitals,Bowler
Anrich Nortje,https://documents.iplt20.com/ipl/IPLHeadshot2024/142.png,Delhi Capitals,Bowler
Kuldeep Yadav,https://documents.iplt20.com/ipl/IPLHeadshot2024/14.png,Delhi Capitals,Bowler
Khaleel Ahmed,https://documents.iplt20.com/ipl/IPLHeadshot2024/8.png,Delhi Capitals,Bowler
Ishant Sharma,https://documents.iplt20.com/ipl/IPLHeadshot2024/50.png,Delhi Capitals,Bowler
Jhye Richardson,https://documents.iplt20.com/ipl/IPLHeadshot2024/59.png,Delhi Capitals,Bowler
Lizaad Williams,https://documents.iplt20.com/ipl/IPLHeadshot2024/631.png,Delhi Capitals,Bowler
Mukesh Kumar,https://documents.iplt20.com/ipl/IPLHeadshot2024/1462.png,Delhi Capitals,Bowler
Rasikh Dar,https://documents.iplt20.com/ipl/IPLHeadshot2024/172.png,Delhi Capitals,Bowler
Shubman Gill,https://documents.iplt20.com/ipl/IPLHeadshot2024/62.png,Gujarat Titans,Batter
David Miller,https://documents.iplt20.com/ipl/IPLHeadshot2024/128.png,Gujarat Titans,Batter
Matthew Wade,https://documents.iplt20.com/ipl/IPLHeadshot2024/549.png,Gujarat Titans,Wicketkeeper Batter
Wriddhiman Saha,https://documents.iplt20.com/ipl/IPLHeadshot2024/225.png,Gujarat Titans,Wicketkeeper Batter
BR Sharath,https://documents.iplt20.com/ipl/IPLHeadshot2024/3117.png,Gujarat Titans,Wicketkeeper Batter
Kane Williamson,https://documents.iplt20.com/ipl/IPLHeadshot2024/65.png,Gujarat Titans,Batter
Abhinav Manohar,https://documents.iplt20.com/ipl/IPLHeadshot2024/974.png,Gujarat Titans,Allrounder
B. Sai Sudharsan,https://documents.iplt20.com/ipl/IPLHeadshot2024/976.png,Gujarat Titans,All Rounder
Darshan Nalkande,https://documents.iplt20.com/ipl/IPLHeadshot2024/127.png,Gujarat Titans,All Rounder
Vijay Shankar,https://documents.iplt20.com/ipl/IPLHeadshot2024/61.png,Gujarat Titans,All-rounder
Azmatullah Omarzai,https://documents.iplt20.com/ipl/IPLHeadshot2024/1354.png,Gujarat Titans,allRounder
Shahrukh Khan,https://documents.iplt20.com/ipl/IPLHeadshot2024/590.png,Gujarat Titans,allRounder
Sandeep Warrier,https://documents.iplt20.com/ipl/IPLHeadshot2024/228.png,Gujarat Titans,Bowler
Gurnoor Brar,https://www.iplt20.com/assets/images/default-headshot.png,Gujarat Titans,Bowler
Jayant Yadav,https://documents.iplt20.com/ipl/IPLHeadshot2024/165.png,Gujarat Titans,Bowler
Rahul Tewatia,https://documents.iplt20.com/ipl/IPLHeadshot2024/120.png,Gujarat Titans,Bowler
Mohammad Shami,https://documents.iplt20.com/ipl/IPLHeadshot2023/47.png,Gujarat Titans,Bowler
Kartik Tyagi,https://documents.iplt20.com/ipl/IPLHeadshot2024/536.png,Gujarat Titans,Bowler
Sushant Mishra,https://documents.iplt20.com/ipl/IPLHeadshot2024/1016.png,Gujarat Titans,Bowler
Spencer Johnson,https://documents.iplt20.com/ipl/IPLHeadshot2024/2518.png,Gujarat Titans,Bowler
Noor Ahmad,https://documents.iplt20.com/ipl/IPLHeadshot2024/975.png,Gujarat Titans,Bowler
Sai Kishore,https://documents.iplt20.com/ipl/IPLHeadshot2024/544.png,Gujarat Titans,Bowler
Umesh Yadav,https://documents.iplt20.com/ipl/IPLHeadshot2024/21.png,Gujarat Titans,Bowler
Rashid Khan,https://documents.iplt20.com/ipl/IPLHeadshot2024/218.png,Gujarat Titans,Bowler
Joshua Little,https://documents.iplt20.com/ipl/IPLHeadshot2024/678.png,Gujarat Titans,Bowler
Mohit Sharma,https://documents.iplt20.com/ipl/IPLHeadshot2024/100.png,Gujarat Titans,Bowler
Manav Suthar,https://documents.iplt20.com/ipl/IPLHeadshot2024/2443.png,Gujarat Titans,Bowler
Shreyas Iyer,https://documents.iplt20.com/ipl/IPLHeadshot2024/12.png,Kolkata Knight Riders,Batter
Rinku Singh,https://documents.iplt20.com/ipl/IPLHeadshot2024/152.png,Kolkata Knight Riders,Batter
Rahmanullah Gurbaz,https://documents.iplt20.com/ipl/IPLHeadshot2024/641.png,Kolkata Knight Riders,Batter
Nitish Rana,https://documents.iplt20.com/ipl/IPLHeadshot2024/148.png,Kolkata Knight Riders,Batter
Sherfane Rutherford,https://documents.iplt20.com/ipl/IPLHeadshot2024/122.png,Kolkata Knight Riders,Batter
Phil Salt,https://documents.iplt20.com/ipl/IPLHeadshot2024/1220.png,Kolkata Knight Riders,Wicketkeeper
K.S Bharat,https://documents.iplt20.com/ipl/IPLHeadshot2024/365.png,Kolkata Knight Riders,Wicketkeeper Batter
Manish Pandey,https://documents.iplt20.com/ipl/IPLHeadshot2024/16.png,Kolkata Knight Riders,Batter
Angkrish Raghuvanshi,https://documents.iplt20.com/ipl/IPLHeadshot2024/787.png,Kolkata Knight Riders,Batter
Anukul Roy,https://documents.iplt20.com/ipl/IPLHeadshot2024/160.png,Kolkata Knight Riders,Batting Allrounder
Ramandeep Singh,https://documents.iplt20.com/ipl/IPLHeadshot2024/991.png,Kolkata Knight Riders,All Rounder
Andre Russell,https://documents.iplt20.com/ipl/IPLHeadshot2024/141.png,Kolkata Knight Riders,All-rounder
Venkatesh Iyer,https://documents.iplt20.com/ipl/IPLHeadshot2024/584.png,Kolkata Knight Riders,All-rounder
Suyash Sharma,https://documents.iplt20.com/ipl/IPLHeadshot2024/1932.png,Kolkata Knight Riders,Bowler
Allah Ghazanfar,https://www.iplt20.com/assets/images/default-headshot.png,Kolkata Knight Riders,Bowler
Dushmantha Chameera,https://documents.iplt20.com/ipl/IPLHeadshot2024/608.png,Kolkata Knight Riders,Bowler
Sakib Hussain,https://documents.iplt20.com/ipl/IPLHeadshot2024/3104.png,Kolkata Knight Riders,Bowler
Harshit Rana,https://documents.iplt20.com/ipl/IPLHeadshot2024/1013.png,Kolkata Knight Riders,Bowler
Sunil Narine,https://documents.iplt20.com/ipl/IPLHeadshot2024/156.png,Kolkata Knight Riders,Bowler
Vaibhav Arora,https://documents.iplt20.com/ipl/IPLHeadshot2024/583.png,Kolkata Knight Riders,Bowler
Varun Chakaravarthy,https://documents.iplt20.com/ipl/IPLHeadshot2024/140.png,Kolkata Knight Riders,Bowler
Mitchell Starc,https://documents.iplt20.com/ipl/IPLHeadshot2024/31.png,Kolkata Knight Riders,Bowler
Chetan Sakariya,https://documents.iplt20.com/ipl/IPLHeadshot2024/592.png,Kolkata Knight Riders,Bowler
KL Rahul,https://documents.iplt20.com/ipl/IPLHeadshot2024/19.png,Lucknow Super Giants,Wicketkeeper Batter
Devdutt Padikkal,https://documents.iplt20.com/ipl/IPLHeadshot2024/200.png,Lucknow Super Giants,Batter
Quinton de Kock,https://documents.iplt20.com/ipl/IPLHeadshot2024/170.png,Lucknow Super Giants,Wicketkeeper Batter
Nicholas Pooran,https://documents.iplt20.com/ipl/IPLHeadshot2024/136.png,Lucknow Super Giants,Wicketkeeper Batter
Ashton Turner,https://documents.iplt20.com/ipl/IPLHeadshot2024/86.png,Lucknow Super Giants,Batting Allrounder
Ayush Badoni,https://documents.iplt20.com/ipl/IPLHeadshot2024/985.png,Lucknow Super Giants,Bowling Allrounder
Deepak Hooda,https://documents.iplt20.com/ipl/IPLHeadshot2024/215.png,Lucknow Super Giants,Bowling All-rounder
Krishnappa Gowtham,https://documents.iplt20.com/ipl/IPLHeadshot2024/179.png,Lucknow Super Giants,Bowling Allrounder
Krunal Pandya,https://documents.iplt20.com/ipl/IPLHeadshot2024/17.png,Lucknow Super Giants,All-rounder
Kyle Mayers,https://documents.iplt20.com/ipl/IPLHeadshot2024/726.png,Lucknow Super Giants,All Rounder
Marcus Stoinis,https://documents.iplt20.com/ipl/IPLHeadshot2024/23.png,Lucknow Super Giants,All-rounder
Mohd. Arshad Khan,https://documents.iplt20.com/ipl/IPLHeadshot2024/988.png,Lucknow Super Giants,All Rounder
Prerak Mankad,https://documents.iplt20.com/ipl/IPLHeadshot2024/998.png,Lucknow Super Giants,All-rounder
Yudhvir Singh,https://documents.iplt20.com/ipl/IPLHeadshot2024/587.png,Lucknow Super Giants,All-rounder
Arshin Kulkarni,https://documents.iplt20.com/ipl/IPLHeadshot2024/2788.png,Lucknow Super Giants,allRounder
David Willey,https://www.iplt20.com/assets/images/default-headshot.png,Lucknow Super Giants,Bowling Allrounder
Shivam Mavi,https://documents.iplt20.com/ipl/IPLHeadshot2024/154.png,Lucknow Super Giants,Bowler
Shamar Joseph,https://documents.iplt20.com/ipl/IPLHeadshot2024/3105.png,Lucknow Super Giants,Bowler
Matt Henry,https://documents.iplt20.com/ipl/IPLHeadshot2024/71.png,Lucknow Super Giants,Bowler
Mayank Yadav,https://documents.iplt20.com/ipl/IPLHeadshot2024/987.png,Lucknow Super Giants,Bowler
Mohsin Khan,https://documents.iplt20.com/ipl/IPLHeadshot2024/541.png,Lucknow Super Giants,Bowler
Ravi Bishnoi,https://documents.iplt20.com/ipl/IPLHeadshot2024/520.png,Lucknow Super Giants,Bowler
Yash Thakur,https://documents.iplt20.com/ipl/IPLHeadshot2024/1550.png,Lucknow Super Giants,Bowler
Amit Mishra,https://documents.iplt20.com/ipl/IPLHeadshot2024/107.png,Lucknow Super Giants,Bowler
Naveen Ul Haq,https://documents.iplt20.com/ipl/IPLHeadshot2024/639.png,Lucknow Super Giants,Bowler
M Siddharth,https://documents.iplt20.com/ipl/IPLHeadshot2024/532.png,Lucknow Super Giants,Bowler
Rohit Sharma,https://documents.iplt20.com/ipl/IPLHeadshot2024/6.png,Mumbai Indians,Batter
Dewald Brevis,https://documents.iplt20.com/ipl/IPLHeadshot2024/797.png,Mumbai Indians,Batter
Suryakumar Yadav,https://documents.iplt20.com/ipl/IPLHeadshot2024/174.png,Mumbai Indians,Batter
Ishan Kishan,https://documents.iplt20.com/ipl/IPLHeadshot2024/164.png,Mumbai Indians,Wicketkeeper Batter
Harvik Desai,https://documents.iplt20.com/ipl/IPLHeadshot2024/3154.png,Mumbai Indians,Wicketkeeper Batter
N. Tilak Varma,https://documents.iplt20.com/ipl/IPLHeadshot2024/993.png,Mumbai Indians,Batter
Tim David,https://documents.iplt20.com/ipl/IPLHeadshot2024/636.png,Mumbai Indians,Batter
Vishnu Vinod,https://documents.iplt20.com/ipl/IPLHeadshot2024/581.png,Mumbai Indians,Wicketkeeper Batter
Hardik Pandya,https://documents.iplt20.com/ipl/IPLHeadshot2024/54.png,Mumbai Indians,All-rounder
Arjun Tendulkar,https://documents.iplt20.com/ipl/IPLHeadshot2024/585.png,Mumbai Indians,All-rounder
Mohammad Nabi,https://documents.iplt20.com/ipl/IPLHeadshot2024/217.png,Mumbai Indians,All Rounder
Romario Shepherd,https://documents.iplt20.com/ipl/IPLHeadshot2024/371.png,Mumbai Indians,All Rounder
Shams Mulani,https://documents.iplt20.com/ipl/IPLHeadshot2024/600.png,Mumbai Indians,All-Rounder
Nehal Wadhera,https://documents.iplt20.com/ipl/IPLHeadshot2024/1541.png,Mumbai Indians,All-Rounder
Gerald Coetzee,https://documents.iplt20.com/ipl/IPLHeadshot2024/2535.png,Mumbai Indians,allRounder
Anshul Kamboj,https://documents.iplt20.com/ipl/IPLHeadshot2024/3106.png,Mumbai Indians,allRounder
Naman Dhir,https://documents.iplt20.com/ipl/IPLHeadshot2024/3107.png,Mumbai Indians,allRounder
Shivalik Sharma,https://documents.iplt20.com/ipl/IPLHeadshot2024/3108.png,Mumbai Indians,allRounder
Kwena Maphaka,https://documents.iplt20.com/ipl/IPLHeadshot2024/801.png,Mumbai Indians,Bowler
Jasprit Bumrah,https://documents.iplt20.com/ipl/IPLHeadshot2024/9.png,Mumbai Indians,Bowler
Kumar Kartikeya Singh,https://documents.iplt20.com/ipl/IPLHeadshot2024/1015.png,Mumbai Indians,Bowler
Piyush Chawla,https://documents.iplt20.com/ipl/IPLHeadshot2024/149.png,Mumbai Indians,Bowler
Akash Madhwal,https://documents.iplt20.com/ipl/IPLHeadshot2024/1045.png,Mumbai Indians,Bowler
Luke Wood,https://documents.iplt20.com/ipl/IPLHeadshot2024/3116.png,Mumbai Indians,Bowler
Dilshan Madushanka,https://www.iplt20.com/assets/images/default-headshot.png,Mumbai Indians,Bowler
Shreyas Gopal,https://documents.iplt20.com/ipl/IPLHeadshot2024/192.png,Mumbai Indians,Bowler
Nuwan Thushara,https://documents.iplt20.com/ipl/IPLHeadshot2024/813.png,Mumbai Indians,Bowler
Shikhar Dhawan,https://documents.iplt20.com/ipl/IPLHeadshot2024/11.png,Punjab Kings,Batter
Jitesh Sharma,https://documents.iplt20.com/ipl/IPLHeadshot2024/1000.png,Punjab Kings,Wicketkeeper Batter
Jonny Bairstow,https://documents.iplt20.com/ipl/IPLHeadshot2024/216.png,Punjab Kings,Wicketkeeper Batter
Prabhsimran Singh,https://documents.iplt20.com/ipl/IPLHeadshot2024/137.png,Punjab Kings,Wicketkeeper Batter
Liam Livingstone,https://documents.iplt20.com/ipl/IPLHeadshot2024/183.png,Punjab Kings,Batter
Harpreet Bhatia,https://documents.iplt20.com/ipl/IPLHeadshot2024/1934.png,Punjab Kings,Batter
Rilee Rossouw,https://documents.iplt20.com/ipl/IPLHeadshot2024/1426.png,Punjab Kings,Batter
Shashank Singh,https://documents.iplt20.com/ipl/IPLHeadshot2024/191.png,Punjab Kings,Batter
Chris Woakes,https://documents.iplt20.com/ipl/IPLHeadshot2024/314.png,Punjab Kings,All-rounder
Vishwanath Pratap Singh,https://documents.iplt20.com/ipl/IPLHeadshot2024/3110.png,Punjab Kings,allRounder
Ashutosh Sharma,https://documents.iplt20.com/ipl/IPLHeadshot2024/3109.png,Punjab Kings,allRounder
Tanay Thyagarajann,https://documents.iplt20.com/ipl/IPLHeadshot2024/1491.png,Punjab Kings,allRounder
Atharva Taide,https://documents.iplt20.com/ipl/IPLHeadshot2024/1001.png,Punjab Kings,All-rounder
Rishi Dhawan,https://documents.iplt20.com/ipl/IPLHeadshot2024/996.png,Punjab Kings,All-rounder
Sam Curran,https://documents.iplt20.com/ipl/IPLHeadshot2024/138.png,Punjab Kings,All-rounder
Sikandar Raza,https://documents.iplt20.com/ipl/IPLHeadshot2024/820.png,Punjab Kings,All-Rounder
Shivam singh,https://documents.iplt20.com/ipl/IPLHeadshot2024/1936.png,Punjab Kings,All- rounder
Prince Choudhary,https://documents.iplt20.com/ipl/IPLHeadshot2024/3111.png,Punjab Kings,Bowler
Harpreet Brar,https://documents.iplt20.com/ipl/IPLHeadshot2024/130.png,Punjab Kings,Bowler
Arshdeep Singh,https://documents.iplt20.com/ipl/IPLHeadshot2024/125.png,Punjab Kings,Bowler
Kagiso Rabada,https://documents.iplt20.com/ipl/IPLHeadshot2024/116.png,Punjab Kings,Bowler
Nathan Ellis,https://documents.iplt20.com/ipl/IPLHeadshot2024/633.png,Punjab Kings,Bowler
Rahul Chahar,https://documents.iplt20.com/ipl/IPLHeadshot2024/171.png,Punjab Kings,Bowler
Vidwath Kaverappa,https://documents.iplt20.com/ipl/IPLHeadshot2024/1564.png,Punjab Kings,Bowler
Harshal Patel,https://documents.iplt20.com/ipl/IPLHeadshot2024/114.png,Punjab Kings,Bowler
Sanju Samson,https://documents.iplt20.com/ipl/IPLHeadshot2024/190.png,Rajasthan Royals,Wicketkeeper Batter
Jos Buttler,https://documents.iplt20.com/ipl/IPLHeadshot2024/182.png,Rajasthan Royals,Wicketkeeper Batter
Shimron Hetmyer,https://documents.iplt20.com/ipl/IPLHeadshot2024/210.png,Rajasthan Royals,Batter
Yashasvi Jaiswal,https://documents.iplt20.com/ipl/IPLHeadshot2024/533.png,Rajasthan Royals,Batter
Dhruv Jurel,https://documents.iplt20.com/ipl/IPLHeadshot2024/1004.png,Rajasthan Royals,Wicketkeeper Batter
Riyan Parag,https://documents.iplt20.com/ipl/IPLHeadshot2024/189.png,Rajasthan Royals,Batter
Kunal Rathore,https://documents.iplt20.com/ipl/IPLHeadshot2024/1540.png,Rajasthan Royals,Wicketkeeper Batter
Donovan Ferreira,https://documents.iplt20.com/ipl/IPLHeadshot2024/2033.png,Rajasthan Royals,Wicketkeeper
Rovman Powell,https://documents.iplt20.com/ipl/IPLHeadshot2024/329.png,Rajasthan Royals,Batter
Shubham Dubey,https://documents.iplt20.com/ipl/IPLHeadshot2024/3112.png,Rajasthan Royals,Batter
Tom Kohler-Cadmore,https://documents.iplt20.com/ipl/IPLHeadshot2024/3113.png,Rajasthan Royals,Batter
Ravichandran Ashwin,https://documents.iplt20.com/ipl/IPLHeadshot2024/45.png,Rajasthan Royals,Bowling All-rounder
Tanush Kotian,https://documents.iplt20.com/ipl/IPLHeadshot2024/3118.png,Rajasthan Royals,All Rounder
Abid Mushtaq,https://documents.iplt20.com/ipl/IPLHeadshot2024/1591.png,Rajasthan Royals,allRounder
Avesh Khan,https://documents.iplt20.com/ipl/IPLHeadshot2024/109.png,Rajasthan Royals,Bowler
Kuldeep Sen,https://documents.iplt20.com/ipl/IPLHeadshot2024/1005.png,Rajasthan Royals,Bowler
Navdeep Saini,https://www.iplt20.com/assets/images/default-headshot.png,Rajasthan Royals,Bowler
Keshav Maharaj ,https://documents.iplt20.com/ipl/IPLHeadshot2024/347.png,Rajasthan Royals,Bowler
Sandeep Sharma,https://documents.iplt20.com/ipl/IPLHeadshot2024/220.png,Rajasthan Royals,Bowler
Trent Boult,https://documents.iplt20.com/ipl/IPLHeadshot2024/66.png,Rajasthan Royals,Bowler
Yuzvendra Chahal,https://documents.iplt20.com/ipl/IPLHeadshot2024/10.png,Rajasthan Royals,Bowler
Nandre Burger,https://documents.iplt20.com/ipl/IPLHeadshot2024/2806.png,Rajasthan Royals,Bowler
Faf du Plessis,https://documents.iplt20.com/ipl/IPLHeadshot2024/94.png,Royal Challengers Bengaluru,Batter
Rajat Patidar,https://documents.iplt20.com/ipl/IPLHeadshot2024/597.png,Royal Challengers Bengaluru,Batter
Virat Kohli,https://documents.iplt20.com/ipl/IPLHeadshot2024/2.png,Royal Challengers Bengaluru,Batter
Anuj Rawat,https://documents.iplt20.com/ipl/IPLHeadshot2024/534.png,Royal Challengers Bengaluru,Wicketkeeper Batter
Dinesh Karthik,https://documents.iplt20.com/ipl/IPLHeadshot2024/13.png,Royal Challengers Bengaluru,Wicketkeeper Batter
Suyash S Prabhudessai,https://documents.iplt20.com/ipl/IPLHeadshot2024/598.png,Royal Challengers Bengaluru,Batter
Will Jacks,https://documents.iplt20.com/ipl/IPLHeadshot2024/1941.png,Royal Challengers Bengaluru,Batter
Saurav Chuahan,https://documents.iplt20.com/ipl/IPLHeadshot2024/3114.png,Royal Challengers Bengaluru,Batter
Glenn Maxwell,https://documents.iplt20.com/ipl/IPLHeadshot2024/28.png,Royal Challengers Bengaluru,All-rounder
Mahipal Lomror,https://documents.iplt20.com/ipl/IPLHeadshot2024/184.png,Royal Challengers Bengaluru,All-rounder
Karn Sharma,https://documents.iplt20.com/ipl/IPLHeadshot2024/98.png,Royal Challengers Bengaluru,All-rounder
Cameron Green,https://documents.iplt20.com/ipl/IPLHeadshot2024/550.png,Royal Challengers Bengaluru,All-Rounder
Swapnil Singh,https://documents.iplt20.com/ipl/IPLHeadshot2024/1483.png,Royal Challengers Bengaluru,Bowling all-rounder
Mayank Dagar,https://documents.iplt20.com/ipl/IPLHeadshot2024/1547.png,Royal Challengers Bengaluru,All-rounder
Manoj Bhandage,https://documents.iplt20.com/ipl/IPLHeadshot2024/1485.png,Royal Challengers Bengaluru,All-Rounder
Akash Deep,https://documents.iplt20.com/ipl/IPLHeadshot2024/1007.png,Royal Challengers Bengaluru,Bowler
Alzarri Joseph,https://documents.iplt20.com/ipl/IPLHeadshot2024/229.png,Royal Challengers Bengaluru,Bowler
Lockie Ferguson,https://documents.iplt20.com/ipl/IPLHeadshot2024/69.png,Royal Challengers Bengaluru,Bowler
Mohammed Siraj,https://documents.iplt20.com/ipl/IPLHeadshot2024/63.png,Royal Challengers Bengaluru,Bowler
Yash Dayal,https://documents.iplt20.com/ipl/IPLHeadshot2024/978.png,Royal Challengers Bengaluru,
Tom Curran,https://documents.iplt20.com/ipl/IPLHeadshot2024/309.png,Royal Challengers Bengaluru,Bowler
Reece Topley,https://documents.iplt20.com/ipl/IPLHeadshot2024/574.png,Royal Challengers Bengaluru,Bowler
Himanshu Sharma,https://documents.iplt20.com/ipl/IPLHeadshot2024/1568.png,Royal Challengers Bengaluru,Bowler
Vyshak Vijay Kumar,https://documents.iplt20.com/ipl/IPLHeadshot2024/2034.png,Royal Challengers Bengaluru,Bowler
Rajan Kumar,https://documents.iplt20.com/ipl/IPLHeadshot2024/1503.png,Royal Challengers Bengaluru,Bowler
Abdul Samad,https://documents.iplt20.com/ipl/IPLHeadshot2024/525.png,Sunrisers Hyderabad,Batter
Aiden Markram,https://documents.iplt20.com/ipl/IPLHeadshot2024/287.png,Sunrisers Hyderabad,Batter
Rahul Tripathi,https://documents.iplt20.com/ipl/IPLHeadshot2024/188.png,Sunrisers Hyderabad,Batter
Glenn Phillips,https://documents.iplt20.com/ipl/IPLHeadshot2024/635.png,Sunrisers Hyderabad,Wicketkeeper Batter
Mayank Agarwal,https://documents.iplt20.com/ipl/IPLHeadshot2024/55.png,Sunrisers Hyderabad,Batter
Heinrich Klaasen,https://documents.iplt20.com/ipl/IPLHeadshot2024/202.png,Sunrisers Hyderabad,Wicketkeeper Batter
Anmolpreet Singh,https://documents.iplt20.com/ipl/IPLHeadshot2024/159.png,Sunrisers Hyderabad,Batter
Upendra Singh Yadav,https://documents.iplt20.com/ipl/IPLHeadshot2024/1472.png,Sunrisers Hyderabad,Wicketkeeper Batter
Travis Head,https://documents.iplt20.com/ipl/IPLHeadshot2024/37.png,Sunrisers Hyderabad,Batter
Abhishek Sharma,https://documents.iplt20.com/ipl/IPLHeadshot2024/212.png,Sunrisers Hyderabad,All-rounder
Marco Jansen,https://documents.iplt20.com/ipl/IPLHeadshot2024/586.png,Sunrisers Hyderabad,All-rounder
Washington Sundar,https://documents.iplt20.com/ipl/IPLHeadshot2024/20.png,Sunrisers Hyderabad,All-rounder
Sanvir Singh,https://documents.iplt20.com/ipl/IPLHeadshot2024/1943.png,Sunrisers Hyderabad,All-Rounder
Nitish Kumar Reddy,https://documents.iplt20.com/ipl/IPLHeadshot2024/1944.png,Sunrisers Hyderabad,All-Rounder
Wanindu Hasaranga,https://www.iplt20.com/assets/images/default-headshot.png,Sunrisers Hyderabad,All-rounder
Pat Cummins,https://documents.iplt20.com/ipl/IPLHeadshot2024/33.png,Sunrisers Hyderabad,Bowler
Akash Singh,https://documents.iplt20.com/ipl/IPLHeadshot2024/535.png,Sunrisers Hyderabad,Bowler
Shahbaz Ahamad,https://documents.iplt20.com/ipl/IPLHeadshot2024/523.png,Sunrisers Hyderabad,Bowler
Bhuvneshwar Kumar,https://documents.iplt20.com/ipl/IPLHeadshot2024/15.png,Sunrisers Hyderabad,Bowler
Fazalhaq Farooqi,https://documents.iplt20.com/ipl/IPLHeadshot2024/1011.png,Sunrisers Hyderabad,Bowler
Jaydev Unadkat,https://documents.iplt20.com/ipl/IPLHeadshot2024/180.png,Sunrisers Hyderabad,Bowler
T Natarajan,https://documents.iplt20.com/ipl/IPLHeadshot2024/224.png,Sunrisers Hyderabad,Bowler
Umran Malik,https://documents.iplt20.com/ipl/IPLHeadshot2024/637.png,Sunrisers Hyderabad,Bowler
Mayank Markande,https://documents.iplt20.com/ipl/IPLHeadshot2024/87.png,Sunrisers Hyderabad,Bowler
Jhathavedh Subramanyan,https://documents.iplt20.com/ipl/IPLHeadshot2024/2195.png,Sunrisers Hyderabad,Bowler
Vijayakanth Viyaskanth,https://documents.iplt20.com/ipl/IPLHeadshot2024/3153.png,Sunrisers Hyderabad,Bowler
